# Blender 5.0.1
# www.blender.org
mtllib Cadeira amvientação.mtl
o Cadeira
v 0.189669 0.200639 0.103426
v 0.187887 0.199855 0.133120
v 0.219168 0.348902 0.081937
v 0.219168 0.363399 0.104010
v 0.219168 0.349507 -0.207108
v 0.219168 0.362793 -0.230855
v 0.189669 0.197340 -0.210084
v 0.189669 0.199050 -0.244396
v 0.178008 0.200639 0.103426
v 0.178008 0.206260 0.136856
v 0.207506 0.363399 0.104010
v 0.207506 0.348902 0.081937
v 0.207506 0.362793 -0.230855
v 0.207506 0.349507 -0.207108
v 0.178008 0.199050 -0.244396
v 0.178008 0.197340 -0.210084
v -0.163639 0.243391 0.120073
v -0.163639 0.243391 -0.235175
v 0.161165 0.243391 0.120073
v 0.161165 0.243391 -0.235175
v -0.199227 0.183501 0.158996
v -0.199227 0.240094 -0.057551
v -0.199227 0.183501 -0.274099
v -0.001237 0.253763 -0.298626
v 0.196753 0.183501 -0.274099
v 0.196753 0.240094 -0.057551
v 0.196753 0.183501 0.158996
v -0.001237 0.253763 0.183523
v -0.230984 0.183501 -0.057551
v -0.001237 0.183501 -0.329424
v 0.228511 0.183501 -0.057551
v -0.001237 0.183501 0.240681
v -0.001237 0.253763 -0.057551
v -0.002154 0.183501 -0.052336
v 0.079964 0.248577 -0.281001
v 0.079964 0.248577 0.165899
v 0.097758 0.183501 -0.313499
v 0.092253 0.183501 0.216507
v 0.097758 0.246929 -0.057551
v -0.082438 0.248577 -0.281001
v -0.082438 0.248577 0.165899
v -0.100232 0.183501 -0.313499
v -0.105736 0.183501 0.216507
v -0.100232 0.246929 -0.057551
v -0.163312 0.857134 0.231739
v -0.163312 0.375131 0.231739
v 0.160838 0.857134 0.231739
v 0.160838 0.375131 0.231739
v -0.198828 0.874584 0.291630
v -0.198828 0.539234 0.207498
v -0.198828 0.357681 0.291630
v -0.001237 0.322318 0.221367
v 0.196354 0.357681 0.291630
v 0.196354 0.539234 0.207498
v 0.196354 0.874584 0.291630
v -0.001237 0.909947 0.221367
v -0.230522 0.539234 0.264091
v -0.001237 0.291649 0.291630
v 0.228048 0.539234 0.264091
v -0.001237 0.972076 0.291630
v -0.001237 0.539234 0.193829
v -0.001237 0.543489 0.264091
v 0.079800 0.348724 0.226553
v 0.079800 0.883541 0.226553
v 0.097559 0.298402 0.291630
v 0.119727 0.943666 0.291630
v 0.097559 0.539234 0.200663
v -0.082274 0.348724 0.226553
v -0.082274 0.883541 0.226553
v -0.100033 0.298402 0.291630
v -0.122201 0.943666 0.291630
v -0.100033 0.539234 0.200663
v 0.000524 0.216466 -0.073332
v -0.038662 0.216466 -0.050708
v -0.038662 0.216466 -0.005460
v 0.000524 0.216466 0.017164
v 0.039710 0.216466 -0.005460
v 0.039710 0.216466 -0.050708
v 0.000524 -0.075226 -0.073332
v -0.038662 -0.075226 -0.050708
v -0.038662 -0.075226 -0.005460
v 0.000524 -0.075226 0.017164
v 0.039710 -0.075226 -0.005460
v 0.039710 -0.075226 -0.050708
v 0.000524 -0.075226 -0.098861
v -0.060771 -0.075226 -0.063473
v -0.060771 -0.075226 0.007305
v 0.000524 -0.075226 0.042694
v 0.061819 -0.075226 0.007305
v 0.061819 -0.075226 -0.063473
v 0.000524 -0.134214 -0.098861
v -0.060771 -0.134214 -0.063473
v -0.060771 -0.134214 0.007305
v 0.000524 -0.134214 0.042694
v 0.061819 -0.134214 0.007305
v 0.061819 -0.134214 -0.063473
v 0.000524 -0.134214 -0.028084
v 0.014546 0.387627 0.266611
v 0.001792 0.388224 0.272996
v -0.013974 0.388224 0.272996
v -0.026729 0.387627 0.266611
v -0.031601 0.386662 0.256280
v -0.026729 0.385696 0.245949
v -0.013974 0.385099 0.239564
v 0.001792 0.385099 0.239564
v 0.014546 0.385696 0.245949
v 0.019418 0.386662 0.256280
v 0.014943 0.195618 0.270771
v 0.001943 0.188937 0.277448
v -0.014126 0.188937 0.277448
v -0.027126 0.195618 0.270771
v -0.032091 0.211164 0.255579
v -0.027126 0.229787 0.237534
v -0.014126 0.238378 0.229087
v 0.001943 0.238378 0.229087
v 0.014943 0.229787 0.237534
v 0.019909 0.211164 0.255579
v 0.016822 0.200885 0.170882
v 0.002661 0.193023 0.170142
v -0.014844 0.193023 0.170142
v -0.029005 0.200884 0.170882
v -0.034414 0.213605 0.172079
v -0.029005 0.226326 0.173277
v -0.014844 0.234187 0.174017
v 0.002661 0.234187 0.174017
v 0.016822 0.226326 0.173277
v 0.022231 0.213605 0.172079
v 0.050940 -0.079675 0.000327
v 0.032112 -0.097242 0.010025
v 0.038028 -0.114809 -0.010310
v 0.056856 -0.097242 -0.020008
v 0.204421 -0.177694 0.126774
v 0.179352 -0.188082 0.131329
v 0.179027 -0.198470 0.105852
v 0.204096 -0.188082 0.101296
v 0.206741 -0.218325 0.128684
v 0.179352 -0.218325 0.131329
v 0.176707 -0.218325 0.103941
v 0.204096 -0.218325 0.101296
v 0.218280 -0.251641 0.148555
v 0.204448 -0.251641 0.156041
v 0.198955 -0.223780 0.145891
v 0.212788 -0.223780 0.138405
v 0.199527 -0.291043 0.113902
v 0.185694 -0.291043 0.121388
v 0.198955 -0.279502 0.145891
v 0.212788 -0.279502 0.138405
v 0.231935 -0.283217 0.132267
v 0.216907 -0.296296 0.104497
v 0.238160 -0.251641 0.143770
v 0.231935 -0.220065 0.132267
v 0.216907 -0.206986 0.104497
v 0.201878 -0.220065 0.076727
v 0.195653 -0.251641 0.065224
v 0.201878 -0.283217 0.076727
v 0.168315 -0.296296 0.130793
v 0.183343 -0.283217 0.158563
v 0.189568 -0.251641 0.170066
v 0.183343 -0.220065 0.158563
v 0.168315 -0.206986 0.130793
v 0.153287 -0.220065 0.103023
v 0.147062 -0.251641 0.091520
v 0.153287 -0.283217 0.103023
v 0.184772 -0.296296 0.121887
v 0.200449 -0.296296 0.113403
v 0.185421 -0.220065 0.085633
v 0.169744 -0.220065 0.094117
v 0.215478 -0.283217 0.141173
v 0.199801 -0.283217 0.149657
v 0.206026 -0.251641 0.161160
v 0.221703 -0.251641 0.152676
v 0.163519 -0.251641 0.082614
v 0.179196 -0.251641 0.074130
v 0.185421 -0.283217 0.085633
v 0.169744 -0.283217 0.094117
v 0.215478 -0.220065 0.141173
v 0.199801 -0.220065 0.149657
v 0.184772 -0.206986 0.121887
v 0.200449 -0.206986 0.113403
v 0.186267 -0.223780 0.089399
v 0.172434 -0.223780 0.096885
v 0.185694 -0.212240 0.121388
v 0.199527 -0.212240 0.113902
v 0.186267 -0.279502 0.089399
v 0.172434 -0.279502 0.096885
v 0.166941 -0.251641 0.086735
v 0.180774 -0.251641 0.079249
v 0.168315 -0.251641 0.130793
v 0.216907 -0.251641 0.104497
v -0.049892 -0.079675 -0.056495
v -0.031064 -0.097242 -0.066193
v -0.036980 -0.114809 -0.045858
v -0.055808 -0.097242 -0.036160
v -0.203374 -0.177694 -0.182941
v -0.178305 -0.188082 -0.187497
v -0.177979 -0.198470 -0.162020
v -0.203048 -0.188082 -0.157464
v -0.205693 -0.218325 -0.184852
v -0.178305 -0.218325 -0.187497
v -0.175659 -0.218325 -0.160109
v -0.203048 -0.218325 -0.157464
v -0.215171 -0.251641 -0.206324
v -0.200882 -0.251641 -0.212896
v -0.196059 -0.223780 -0.202411
v -0.210349 -0.223780 -0.195840
v -0.198708 -0.291043 -0.170527
v -0.184418 -0.291043 -0.177099
v -0.196059 -0.279502 -0.202411
v -0.210349 -0.279502 -0.195840
v -0.229855 -0.283217 -0.190957
v -0.216661 -0.296296 -0.162270
v -0.235320 -0.251641 -0.202840
v -0.229855 -0.220065 -0.190957
v -0.216661 -0.206986 -0.162270
v -0.203468 -0.220065 -0.133583
v -0.198003 -0.251641 -0.121700
v -0.203468 -0.283217 -0.133583
v -0.166465 -0.296296 -0.185356
v -0.179658 -0.283217 -0.214043
v -0.185123 -0.251641 -0.225926
v -0.179658 -0.220065 -0.214043
v -0.166465 -0.206986 -0.185356
v -0.153271 -0.220065 -0.156669
v -0.147806 -0.251641 -0.144786
v -0.153271 -0.283217 -0.156669
v -0.183465 -0.296296 -0.177537
v -0.199660 -0.296296 -0.170089
v -0.186467 -0.220065 -0.141402
v -0.170272 -0.220065 -0.148850
v -0.212854 -0.283217 -0.198776
v -0.196659 -0.283217 -0.206224
v -0.202124 -0.251641 -0.218107
v -0.218319 -0.251641 -0.210659
v -0.164807 -0.251641 -0.136967
v -0.181002 -0.251641 -0.129519
v -0.186467 -0.283217 -0.141402
v -0.170272 -0.283217 -0.148850
v -0.212854 -0.220065 -0.198776
v -0.196659 -0.220065 -0.206224
v -0.183465 -0.206986 -0.177537
v -0.199660 -0.206986 -0.170089
v -0.187066 -0.223780 -0.145215
v -0.172777 -0.223780 -0.151786
v -0.184418 -0.212240 -0.177099
v -0.198708 -0.212240 -0.170527
v -0.187066 -0.279502 -0.145215
v -0.172777 -0.279502 -0.151786
v -0.167955 -0.251641 -0.141302
v -0.182244 -0.251641 -0.134730
v -0.166465 -0.251641 -0.185356
v -0.216661 -0.251641 -0.162270
v 0.037258 -0.079675 -0.072800
v 0.043540 -0.097242 -0.052575
v 0.024540 -0.114809 -0.061932
v 0.018259 -0.097242 -0.082157
v 0.188435 -0.177694 -0.201993
v 0.188569 -0.188082 -0.176514
v 0.163422 -0.198470 -0.180617
v 0.163288 -0.188082 -0.206096
v 0.190720 -0.218325 -0.203945
v 0.188569 -0.218325 -0.176514
v 0.161137 -0.218325 -0.178665
v 0.163288 -0.218325 -0.206096
v 0.179512 -0.251641 -0.232070
v 0.194753 -0.251641 -0.228183
v 0.191900 -0.223780 -0.217000
v 0.176660 -0.223780 -0.220887
v 0.169774 -0.291043 -0.193891
v 0.185015 -0.291043 -0.190003
v 0.191900 -0.279502 -0.217000
v 0.176660 -0.279502 -0.220887
v 0.158430 -0.283217 -0.229371
v 0.150626 -0.296296 -0.198774
v 0.161662 -0.251641 -0.242044
v 0.158430 -0.220065 -0.229371
v 0.150626 -0.206986 -0.198774
v 0.142822 -0.220065 -0.168178
v 0.139590 -0.251641 -0.155505
v 0.142823 -0.283217 -0.168178
v 0.204163 -0.296296 -0.185120
v 0.211967 -0.283217 -0.215716
v 0.215199 -0.251641 -0.228389
v 0.211967 -0.220065 -0.215716
v 0.204163 -0.206986 -0.185120
v 0.196359 -0.220065 -0.154523
v 0.193127 -0.251641 -0.141850
v 0.196359 -0.283217 -0.154523
v 0.186031 -0.296296 -0.189744
v 0.168758 -0.296296 -0.194150
v 0.160955 -0.220065 -0.163553
v 0.178227 -0.220065 -0.159148
v 0.176562 -0.283217 -0.224746
v 0.193834 -0.283217 -0.220341
v 0.197067 -0.251641 -0.233014
v 0.179794 -0.251641 -0.237419
v 0.174995 -0.251641 -0.146475
v 0.157722 -0.251641 -0.150880
v 0.160955 -0.283217 -0.163553
v 0.178227 -0.283217 -0.159148
v 0.176562 -0.220065 -0.224746
v 0.193834 -0.220065 -0.220341
v 0.186031 -0.206986 -0.189744
v 0.168758 -0.206986 -0.194150
v 0.162889 -0.223780 -0.166894
v 0.178129 -0.223780 -0.163007
v 0.185015 -0.212240 -0.190003
v 0.169774 -0.212240 -0.193891
v 0.162889 -0.279502 -0.166894
v 0.178129 -0.279502 -0.163007
v 0.175277 -0.251641 -0.151824
v 0.160037 -0.251641 -0.155711
v 0.204163 -0.251641 -0.185120
v 0.150626 -0.251641 -0.198774
v -0.036210 -0.079675 0.016632
v -0.042492 -0.097242 -0.003593
v -0.023492 -0.114809 0.005764
v -0.017211 -0.097242 0.025989
v -0.187387 -0.177694 0.145825
v -0.187521 -0.188082 0.120346
v -0.162374 -0.198470 0.124449
v -0.162240 -0.188082 0.149928
v -0.189672 -0.218325 0.147777
v -0.187521 -0.218325 0.120346
v -0.160089 -0.218325 0.122497
v -0.162240 -0.218325 0.149928
v -0.175833 -0.251641 0.175955
v -0.191296 -0.251641 0.173073
v -0.189181 -0.223780 0.161728
v -0.173719 -0.223780 0.164609
v -0.168615 -0.291043 0.137220
v -0.184078 -0.291043 0.134339
v -0.189181 -0.279502 0.161728
v -0.173719 -0.279502 0.164609
v -0.154973 -0.283217 0.171881
v -0.149189 -0.296296 0.140840
v -0.157369 -0.251641 0.184739
v -0.154973 -0.220065 0.171881
v -0.149189 -0.206986 0.140840
v -0.143405 -0.220065 0.109798
v -0.141009 -0.251641 0.096941
v -0.143405 -0.283217 0.109798
v -0.203504 -0.296296 0.130719
v -0.209289 -0.283217 0.161760
v -0.211685 -0.251641 0.174618
v -0.209289 -0.220065 0.161760
v -0.203504 -0.206986 0.130719
v -0.197720 -0.220065 0.099677
v -0.195324 -0.251641 0.086819
v -0.197720 -0.283217 0.099677
v -0.185108 -0.296296 0.134146
v -0.167585 -0.296296 0.137412
v -0.161801 -0.220065 0.106370
v -0.179324 -0.220065 0.103105
v -0.173369 -0.283217 0.168453
v -0.190893 -0.283217 0.165188
v -0.193289 -0.251641 0.178046
v -0.175765 -0.251641 0.181311
v -0.176928 -0.251641 0.090247
v -0.159405 -0.251641 0.093513
v -0.161801 -0.283217 0.106370
v -0.179324 -0.283217 0.103105
v -0.173369 -0.220065 0.168453
v -0.190893 -0.220065 0.165188
v -0.185108 -0.206986 0.134146
v -0.167585 -0.206986 0.137412
v -0.163512 -0.223780 0.109830
v -0.178974 -0.223780 0.106949
v -0.184078 -0.212240 0.134339
v -0.168615 -0.212240 0.137220
v -0.163512 -0.279502 0.109830
v -0.178974 -0.279502 0.106949
v -0.176860 -0.251641 0.095604
v -0.161398 -0.251641 0.098485
v -0.203505 -0.251641 0.130719
v -0.149189 -0.251641 0.140840
v 0.228675 0.364330 0.104866
v 0.228675 0.363763 -0.231710
v 0.197999 0.364330 0.104866
v 0.197999 0.363763 -0.231710
v 0.228675 0.371630 0.104866
v 0.228675 0.371062 -0.231710
v 0.197999 0.371630 0.104866
v 0.197999 0.371062 -0.231710
v 0.228814 0.364013 -0.063422
v 0.197860 0.364013 -0.063422
v 0.213337 0.363650 0.108606
v 0.213337 0.363070 -0.235450
v 0.228814 0.371379 -0.063422
v 0.197860 0.371379 -0.063422
v 0.213337 0.372323 0.108606
v 0.213337 0.371742 -0.235450
v 0.231560 0.367986 0.108606
v 0.195114 0.367986 0.108606
v 0.231560 0.367406 -0.235450
v 0.195114 0.367406 -0.235450
v 0.213337 0.363171 -0.063422
v 0.213337 0.372221 -0.063422
v 0.213337 0.367999 0.116085
v 0.232352 0.367696 -0.063422
v 0.213337 0.367394 -0.242930
v 0.194322 0.367696 -0.063422
v -0.186791 0.200639 -0.213151
v -0.185009 0.199855 -0.242844
v -0.216289 0.348902 -0.191661
v -0.216289 0.363399 -0.213735
v -0.216289 0.349507 0.097384
v -0.216289 0.362793 0.121130
v -0.186791 0.197340 0.100360
v -0.186791 0.199050 0.134671
v -0.175130 0.200639 -0.213151
v -0.175130 0.206260 -0.246581
v -0.204628 0.363399 -0.213735
v -0.204628 0.348902 -0.191661
v -0.204628 0.362793 0.121130
v -0.204628 0.349507 0.097384
v -0.175130 0.199050 0.134671
v -0.175130 0.197340 0.100360
v -0.225797 0.364330 -0.214590
v -0.225796 0.363763 0.121986
v -0.195120 0.364330 -0.214590
v -0.195120 0.363763 0.121986
v -0.225796 0.371630 -0.214590
v -0.225796 0.371062 0.121986
v -0.195120 0.371630 -0.214590
v -0.195120 0.371062 0.121986
v -0.225935 0.364013 -0.046302
v -0.194982 0.364013 -0.046302
v -0.210458 0.363650 -0.218330
v -0.210458 0.363070 0.125726
v -0.225935 0.371379 -0.046302
v -0.194982 0.371379 -0.046302
v -0.210458 0.372323 -0.218330
v -0.210458 0.371742 0.125726
v -0.228681 0.367986 -0.218330
v -0.192236 0.367986 -0.218330
v -0.228681 0.367406 0.125726
v -0.192235 0.367406 0.125726
v -0.210458 0.363171 -0.046302
v -0.210459 0.372221 -0.046302
v -0.210458 0.367999 -0.225809
v -0.229474 0.367696 -0.046302
v -0.210458 0.367394 0.133205
v -0.191443 0.367696 -0.046302
vn 0.9807 -0.1780 0.0809
vn 0.9963 -0.0785 0.0357
vn 0.9913 -0.1197 0.0544
vn 0.9966 -0.0796 -0.0206
vn 0.9915 -0.1257 -0.0325
vn 0.9824 -0.1810 -0.0468
vn -0.9819 0.1782 -0.0646
vn -0.9917 0.1207 -0.0438
vn -0.9965 0.0785 -0.0285
vn -0.9915 0.1257 0.0325
vn -0.9966 0.0796 0.0206
vn -0.9824 0.1810 0.0468
vn 0.2112 0.1467 0.9664
vn 0.1306 0.7921 0.5962
vn 0.1471 0.7261 0.6717
vn -0.0000 -0.7578 0.6525
vn -0.0000 -0.7915 -0.6112
vn -0.0000 -0.7215 -0.6924
vn -0.0000 -0.6742 0.7386
vn -0.0000 0.7712 -0.6366
vn -0.0000 0.7009 -0.7133
vn -0.0000 -0.0196 0.9998
vn -0.0000 0.0824 -0.9966
vn -0.0000 -0.1434 -0.9897
vn -0.6297 0.6347 0.4479
vn -0.6698 0.6242 0.4022
vn -0.8448 0.5351 -0.0000
vn -0.6622 0.5958 -0.4545
vn -0.6284 0.5988 -0.4966
vn -0.2798 0.5153 -0.8101
vn -0.2660 0.5050 -0.8211
vn -0.0000 0.4429 -0.8966
vn 0.2798 0.5153 -0.8101
vn 0.2660 0.5050 -0.8211
vn 0.6622 0.5958 -0.4545
vn 0.6284 0.5988 -0.4966
vn 0.8448 0.5351 -0.0000
vn 0.6677 0.6166 0.4171
vn 0.6292 0.6248 0.4623
vn 0.2913 0.6291 0.7207
vn 0.2987 0.6294 0.7173
vn 0.0065 0.6385 0.7696
vn 0.0054 0.6385 0.7696
vn -0.2980 0.6460 0.7028
vn -0.2903 0.6453 0.7066
vn 0.0662 0.9978 0.0019
vn -0.0000 1.0000 0.0010
vn -0.0000 1.0000 -0.0000
vn 0.0660 0.9978 -0.0000
vn -0.0662 0.9978 0.0019
vn -0.0657 0.9978 0.0036
vn -0.0657 0.9978 -0.0000
vn -0.0660 0.9978 -0.0000
vn -0.0657 0.9978 -0.0036
vn -0.0662 0.9978 -0.0019
vn -0.0000 1.0000 -0.0010
vn 0.0662 0.9978 -0.0019
vn -0.0000 -1.0000 -0.0000
vn 0.0657 0.9978 -0.0000
vn 0.0657 0.9978 -0.0036
vn 0.0657 0.9978 0.0036
vn -0.6667 0.4167 -0.6180
vn -0.6591 0.4254 -0.6202
vn -0.8526 -0.0550 -0.5197
vn -0.8524 -0.0568 -0.5197
vn -0.6225 -0.5350 -0.5712
vn -0.6379 -0.5181 -0.5697
vn -0.2726 -0.7930 -0.5448
vn -0.2671 -0.7956 -0.5438
vn -0.0000 -0.8480 -0.5300
vn 0.2726 -0.7930 -0.5448
vn 0.2671 -0.7956 -0.5438
vn 0.6225 -0.5350 -0.5712
vn 0.6379 -0.5181 -0.5697
vn 0.8526 -0.0550 -0.5197
vn 0.8524 -0.0568 -0.5197
vn 0.6591 0.4254 -0.6202
vn 0.6667 0.4167 -0.6180
vn 0.3158 0.6713 -0.6705
vn 0.2944 0.6767 -0.6748
vn -0.0000 0.7103 -0.7039
vn -0.3158 0.6713 -0.6705
vn -0.2944 0.6767 -0.6748
vn 0.0865 -0.1404 -0.9863
vn -0.0000 -0.1337 -0.9910
vn -0.0000 -0.0286 -0.9996
vn 0.0830 -0.0324 -0.9960
vn -0.0865 -0.1404 -0.9863
vn -0.0882 -0.1524 -0.9844
vn -0.0837 -0.0317 -0.9960
vn -0.0830 -0.0324 -0.9960
vn -0.0784 0.0815 -0.9936
vn -0.0779 0.0783 -0.9939
vn -0.0000 0.0764 -0.9971
vn 0.0779 0.0783 -0.9939
vn -0.0295 -0.0598 0.9978
vn -0.0000 -0.0641 0.9979
vn -0.0000 0.0233 0.9997
vn -0.0321 0.0988 0.9946
vn -0.0296 0.1157 0.9928
vn -0.0006 0.0324 0.9995
vn 0.0296 0.1157 0.9928
vn 0.0295 -0.0598 0.9978
vn 0.0362 -0.0613 0.9975
vn -0.0000 0.1087 0.9941
vn 0.0006 0.0324 0.9995
vn -0.0362 -0.0613 0.9975
vn 0.0321 0.0988 0.9946
vn 0.0837 -0.0317 -0.9960
vn 0.0784 0.0815 -0.9936
vn 0.0882 -0.1524 -0.9844
vn 0.8660 -0.0000 -0.5000
vn -0.0000 -0.0000 -1.0000
vn -0.8660 -0.0000 -0.5000
vn -0.0000 -0.0000 1.0000
vn 0.8660 -0.0000 0.5000
vn -0.8660 -0.0000 0.5000
vn 0.7312 0.0142 0.6820
vn 0.6166 0.0171 0.7871
vn 0.9801 0.0074 0.1986
vn 0.9991 0.0089 0.0423
vn 0.2279 0.0219 0.9734
vn 0.1930 0.0221 0.9810
vn -0.2279 0.0219 0.9734
vn -0.1930 0.0221 0.9810
vn -0.7312 0.0142 0.6820
vn -0.6166 0.0171 0.7871
vn -0.9991 0.0089 0.0423
vn -0.9801 0.0074 0.1986
vn -0.7910 0.0337 -0.6109
vn -0.8525 0.0267 -0.5220
vn -0.2708 0.0650 -0.9604
vn -0.2991 0.0640 -0.9521
vn 0.2708 0.0650 -0.9604
vn 0.2991 0.0640 -0.9521
vn 0.7910 0.0337 -0.6109
vn 0.8525 0.0267 -0.5220
vn 0.6286 -0.7773 -0.0241
vn 0.7509 -0.6602 -0.0147
vn 0.9996 -0.0217 0.0165
vn 0.9835 -0.1804 0.0121
vn 0.1990 -0.9793 -0.0375
vn 0.2389 -0.9703 -0.0372
vn -0.1990 -0.9793 -0.0375
vn -0.2389 -0.9703 -0.0372
vn -0.6286 -0.7773 -0.0241
vn -0.7509 -0.6602 -0.0147
vn -0.9835 -0.1804 0.0121
vn -0.9996 -0.0216 0.0165
vn -0.8497 0.5272 0.0022
vn -0.7981 0.6025 -0.0070
vn -0.3063 0.9501 -0.0597
vn -0.2828 0.9572 -0.0612
vn 0.3063 0.9501 -0.0597
vn 0.2828 0.9572 -0.0612
vn 0.8497 0.5272 0.0022
vn 0.7981 0.6025 -0.0070
vn 0.6789 0.6607 -0.3203
vn -0.1845 0.6607 0.7276
vn -0.6711 -0.6665 0.3248
vn 0.1904 -0.6665 -0.7208
vn 0.9976 0.0310 -0.0621
vn 0.1299 0.0310 0.9910
vn -0.9979 0.0444 0.0474
vn -0.1445 0.0444 -0.9885
vn 0.4759 -0.0000 0.8795
vn 0.3365 -0.7071 0.6219
vn 0.7693 -0.0000 -0.6389
vn 0.7966 0.1384 -0.5885
vn 0.3365 0.7071 0.6219
vn -0.7966 0.1384 0.5885
vn -0.8625 0.1957 0.4667
vn 0.7966 -0.1384 -0.5885
vn 0.9283 0.1384 -0.3450
vn 0.9556 -0.0000 -0.2946
vn 0.8625 0.1957 -0.4667
vn -0.3365 -0.7071 -0.6219
vn -0.8795 -0.0000 0.4759
vn -0.4759 -0.0000 -0.8795
vn -0.3365 0.7071 -0.6219
vn -0.9283 0.1384 0.3450
vn -0.9556 -0.0000 0.2946
vn -0.8625 -0.1957 0.4667
vn -0.7966 -0.1384 0.5885
vn -0.7693 -0.0000 0.6389
vn 0.9283 -0.1384 -0.3450
vn 0.8625 -0.1957 -0.4667
vn -0.9283 -0.1384 0.3450
vn 0.8795 -0.0000 -0.4759
vn -0.6789 0.6607 0.3203
vn 0.1845 0.6607 -0.7276
vn 0.6711 -0.6665 -0.3248
vn -0.1904 -0.6665 0.7208
vn -0.9976 0.0310 0.0622
vn -0.1299 0.0310 -0.9910
vn 0.9979 0.0444 -0.0474
vn 0.1445 0.0444 0.9885
vn -0.4178 -0.0000 -0.9085
vn -0.2955 -0.7071 -0.6424
vn -0.8092 -0.0000 0.5876
vn -0.8331 0.1384 0.5355
vn -0.2955 0.7071 -0.6424
vn 0.8331 0.1384 -0.5355
vn 0.8909 0.1957 -0.4098
vn -0.8331 -0.1384 0.5355
vn -0.9488 0.1384 0.2840
vn -0.9727 -0.0000 0.2319
vn -0.8909 0.1957 0.4098
vn 0.2955 -0.7071 0.6424
vn 0.9085 -0.0000 -0.4178
vn 0.4178 -0.0000 0.9085
vn 0.2955 0.7071 0.6424
vn 0.9488 0.1384 -0.2840
vn 0.9727 -0.0000 -0.2319
vn 0.8909 -0.1957 -0.4098
vn 0.8331 -0.1384 -0.5355
vn 0.8092 -0.0000 -0.5876
vn -0.9488 -0.1384 0.2840
vn -0.8909 -0.1957 0.4098
vn 0.9488 -0.1384 -0.2840
vn -0.9085 -0.0000 0.4178
vn -0.1976 0.6607 -0.7242
vn 0.6845 0.6607 0.3080
vn 0.2033 -0.6665 0.7173
vn -0.6768 -0.6665 -0.3126
vn 0.1120 0.0310 -0.9932
vn 0.9985 0.0310 0.0442
vn -0.1266 0.0444 0.9910
vn -0.9986 0.0444 -0.0294
vn 0.2471 -0.0000 -0.9690
vn 0.1748 -0.7071 -0.6852
vn -0.9986 -0.0000 -0.0527
vn -0.9844 0.1384 -0.1083
vn 0.1748 0.7071 -0.6852
vn 0.9844 0.1384 0.1083
vn 0.9502 0.1957 0.2424
vn -0.9844 -0.1384 -0.1083
vn -0.9160 0.1384 -0.3765
vn -0.9019 -0.0000 -0.4320
vn -0.9502 0.1957 -0.2424
vn -0.1748 -0.7071 0.6852
vn 0.9690 -0.0000 0.2471
vn -0.2471 -0.0000 0.9690
vn -0.1748 0.7071 0.6852
vn 0.9160 0.1384 0.3765
vn 0.9019 -0.0000 0.4320
vn 0.9502 -0.1957 0.2424
vn 0.9844 -0.1384 0.1083
vn 0.9986 -0.0000 0.0527
vn -0.9160 -0.1384 -0.3765
vn -0.9502 -0.1957 -0.2424
vn 0.9160 -0.1384 0.3765
vn -0.9690 -0.0000 -0.2471
vn 0.1976 0.6607 0.7242
vn -0.6845 0.6607 -0.3080
vn -0.2033 -0.6665 -0.7173
vn 0.6768 -0.6665 0.3126
vn -0.1120 0.0310 0.9932
vn -0.9985 0.0310 -0.0442
vn 0.1266 0.0444 -0.9910
vn 0.9986 0.0444 0.0294
vn -0.1832 -0.0000 0.9831
vn -0.1295 -0.7071 0.6951
vn 0.9999 -0.0000 -0.0128
vn 0.9894 0.1384 0.0436
vn -0.1295 0.7071 0.6951
vn -0.9894 0.1384 -0.0436
vn -0.9641 0.1957 -0.1796
vn 0.9894 -0.1384 0.0436
vn 0.9387 0.1384 0.3157
vn 0.9282 -0.0000 0.3721
vn 0.9641 0.1957 0.1796
vn 0.1295 -0.7071 -0.6951
vn -0.9831 -0.0000 -0.1832
vn 0.1832 -0.0000 -0.9831
vn 0.1295 0.7071 -0.6951
vn -0.9387 0.1384 -0.3157
vn -0.9282 -0.0000 -0.3721
vn -0.9641 -0.1957 -0.1796
vn -0.9894 -0.1384 -0.0436
vn -0.9999 -0.0000 0.0128
vn 0.9387 -0.1384 0.3157
vn 0.9641 -0.1957 0.1796
vn -0.9387 -0.1384 -0.3157
vn 0.9831 -0.0000 0.1832
vn 0.3971 -0.8974 0.1921
vn -0.0000 -0.9467 0.3222
vn -0.0000 -1.0000 0.0017
vn 0.4352 -0.9003 0.0015
vn -0.3971 -0.8974 0.1921
vn -0.4352 -0.9003 0.0015
vn -0.3971 -0.8980 -0.1895
vn -0.0000 -0.9476 -0.3196
vn 0.3971 -0.8980 -0.1895
vn 0.3971 0.8980 0.1895
vn 0.4352 0.9003 -0.0015
vn -0.0000 1.0000 -0.0017
vn -0.0000 0.9476 0.3196
vn 0.3971 0.8974 -0.1921
vn -0.0000 0.9467 -0.3222
vn -0.3971 0.8974 -0.1921
vn -0.4352 0.9003 -0.0015
vn -0.3971 0.8980 0.1895
vn -0.0000 0.0013 1.0000
vn -0.7901 0.0008 0.6130
vn 0.7901 0.0008 0.6130
vn 1.0000 -0.0000 -0.0000
vn 0.7901 -0.0008 -0.6130
vn -0.0000 -0.0012 -1.0000
vn -0.7901 -0.0008 -0.6130
vn -1.0000 -0.0000 -0.0000
vn -0.9807 -0.1780 -0.0809
vn -0.9963 -0.0785 -0.0357
vn -0.9913 -0.1197 -0.0544
vn -0.9966 -0.0796 0.0206
vn -0.9915 -0.1257 0.0325
vn -0.9824 -0.1810 0.0468
vn 0.9819 0.1782 0.0646
vn 0.9917 0.1207 0.0438
vn 0.8845 -0.2871 0.3677
vn 0.7203 0.0372 0.6927
vn 0.9915 0.1257 -0.0325
vn 0.9018 -0.2393 -0.3597
vn 0.9824 0.1810 -0.0468
vn 0.7168 0.1193 -0.6870
vn -0.2112 0.1467 -0.9664
vn -0.1306 0.7921 -0.5962
vn -0.1471 0.7261 -0.6717
vn -0.0000 -0.7578 -0.6525
vn -0.0000 -0.7915 0.6112
vn -0.0000 0.7712 0.6366
vn -0.0000 0.7009 0.7133
vn -0.0000 -0.0196 -0.9998
vn -0.0000 0.0824 0.9966
vn -0.0000 -0.1434 0.9897
vn -0.3971 -0.8974 -0.1921
vn -0.0000 -0.9467 -0.3222
vn -0.0000 -1.0000 -0.0017
vn -0.4352 -0.9003 -0.0015
vn 0.3971 -0.8974 -0.1921
vn 0.4352 -0.9003 -0.0015
vn 0.3971 -0.8980 0.1895
vn -0.0000 -0.9476 0.3196
vn -0.3971 -0.8980 0.1895
vn -0.3971 0.8980 -0.1895
vn -0.4352 0.9003 0.0015
vn -0.0000 1.0000 0.0017
vn -0.0000 0.9476 -0.3195
vn -0.3971 0.8974 0.1921
vn -0.0000 0.9467 0.3222
vn 0.3971 0.8974 0.1921
vn 0.4352 0.9003 0.0015
vn 0.3971 0.8980 -0.1895
vn -0.0000 0.0013 -1.0000
vn 0.7901 0.0008 -0.6130
vn -0.7901 0.0008 -0.6130
vn -0.7901 -0.0008 0.6130
vn -0.0000 -0.0012 1.0000
vn 0.7901 -0.0008 0.6130
vt 0.010605 0.968632
vt 0.010605 0.954243
vt 0.093343 0.954243
vt 0.093343 0.968632
vt 0.255259 0.954243
vt 0.255259 0.968632
vt 0.338812 0.954243
vt 0.338812 0.968632
vt 0.340728 0.994496
vt 0.257179 0.994496
vt 0.257179 0.980579
vt 0.340728 0.980579
vt 0.093677 0.994496
vt 0.093677 0.980579
vt 0.009305 0.994496
vt 0.009305 0.980579
vt 0.093343 0.974417
vt 0.010605 0.974417
vt 0.093343 0.948542
vt 0.255259 0.948542
vt 0.255259 0.974417
vt 0.338812 0.948542
vt 0.338812 0.974417
vt 0.010605 0.948542
vt 0.043556 0.555553
vt 0.087041 0.581344
vt 0.069983 0.692293
vt 0.029132 0.693461
vt 0.093351 0.802024
vt 0.051434 0.830256
vt 0.129187 0.867231
vt 0.145581 0.824138
vt 0.193197 0.829024
vt 0.194306 0.876414
vt 0.258928 0.864198
vt 0.240538 0.821913
vt 0.291689 0.797385
vt 0.321442 0.838384
vt 0.334911 0.823645
vt 0.309900 0.686623
vt 0.350806 0.685857
vt 0.287549 0.576447
vt 0.329827 0.548581
vt 0.246610 0.501621
vt 0.234791 0.553104
vt 0.186314 0.545767
vt 0.183729 0.490282
vt 0.116765 0.506694
vt 0.137908 0.554942
vt 0.056752 0.541164
vt 0.189878 0.689026
vt 0.250555 0.687767
vt 0.129285 0.690609
vt 0.398740 0.737845
vt 0.379944 0.619374
vt 0.505384 0.620762
vt 0.615750 0.735302
vt 0.558850 0.767491
vt 0.449957 0.478266
vt 0.504107 0.468903
vt 0.612968 0.497951
vt 0.631763 0.616422
vt 0.507769 0.781340
vt 0.558462 0.476994
vt 0.395958 0.500494
vt 0.450345 0.768762
vt 0.316098 0.533879
vt 0.065544 0.844361
vt 0.326818 0.395925
vt 0.283953 0.381508
vt 0.298485 0.185571
vt 0.339274 0.183364
vt 0.282103 0.081614
vt 0.324933 0.063569
vt 0.244108 0.015857
vt 0.229514 0.067486
vt 0.179428 0.058590
vt 0.178936 0.010954
vt 0.113879 0.017203
vt 0.129537 0.068520
vt 0.077252 0.083733
vt 0.045577 0.049067
vt 0.034058 0.066577
vt 0.063023 0.188006
vt 0.022198 0.186643
vt 0.081604 0.383600
vt 0.039047 0.398901
vt 0.105383 0.451588
vt 0.132879 0.397585
vt 0.183048 0.408640
vt 0.183645 0.466308
vt 0.261585 0.449973
vt 0.232979 0.396550
vt 0.316461 0.413716
vt 0.180749 0.186309
vt 0.121475 0.186803
vt 0.240021 0.185577
vt 0.432685 0.027088
vt 0.507401 0.009754
vt 0.506828 0.274988
vt 0.445508 0.427192
vt 0.384477 0.390669
vt 0.648440 0.277865
vt 0.628678 0.391196
vt 0.582041 0.027411
vt 0.629329 0.070071
vt 0.506490 0.431460
vt 0.365205 0.277254
vt 0.385213 0.069544
vt 0.567490 0.427455
vt 0.049769 0.416474
vt 0.313054 0.046301
vt 0.856593 0.625847
vt 0.856593 0.458942
vt 0.892118 0.458942
vt 0.892118 0.625847
vt 0.678971 0.625847
vt 0.678971 0.458942
vt 0.714496 0.458942
vt 0.714496 0.625847
vt 0.785545 0.625847
vt 0.785545 0.458942
vt 0.821069 0.458942
vt 0.821069 0.625847
vt 0.750020 0.625847
vt 0.750020 0.458942
vt 0.856593 0.444334
vt 0.892118 0.444334
vt 0.678971 0.444334
vt 0.714496 0.444334
vt 0.821069 0.444334
vt 0.750020 0.444334
vt 0.785545 0.444334
vt 0.750020 0.410581
vt 0.785545 0.410581
vt 0.856593 0.410581
vt 0.892118 0.410581
vt 0.678971 0.410581
vt 0.714496 0.410581
vt 0.821069 0.410581
vt 0.908341 0.460696
vt 0.946674 0.438564
vt 0.946674 0.482827
vt 0.985008 0.416432
vt 0.946674 0.394301
vt 0.908341 0.416432
vt 0.985008 0.460696
vt 0.853535 0.980321
vt 0.853535 0.753267
vt 0.882077 0.753267
vt 0.882077 0.980321
vt 0.825637 0.980321
vt 0.825637 0.753267
vt 0.796073 0.980321
vt 0.796073 0.753267
vt 0.768175 0.980321
vt 0.768175 0.753267
vt 0.739633 0.980321
vt 0.739633 0.753267
vt 0.708630 0.980321
vt 0.708630 0.753267
vt 0.679740 0.980321
vt 0.679740 0.753267
vt 0.941970 0.980321
vt 0.941970 0.753267
vt 0.971534 0.753267
vt 0.971534 0.980321
vt 0.913080 0.980321
vt 0.913080 0.753267
vt 0.853535 0.646120
vt 0.882077 0.646120
vt 0.825637 0.646120
vt 0.796073 0.646120
vt 0.768175 0.646120
vt 0.739633 0.646120
vt 0.708630 0.646120
vt 0.679740 0.646120
vt 0.941970 0.646120
vt 0.971534 0.646120
vt 0.913080 0.646120
vt 0.839178 0.376841
vt 0.839178 0.175384
vt 0.869068 0.175384
vt 0.869068 0.376841
vt 0.809288 0.376841
vt 0.809288 0.175384
vt 0.779397 0.376841
vt 0.779397 0.175384
vt 0.898958 0.175384
vt 0.898958 0.376841
vt 0.839178 0.146471
vt 0.869068 0.146471
vt 0.809288 0.146471
vt 0.779397 0.146471
vt 0.898958 0.146471
vt 0.718992 0.087523
vt 0.718992 0.051614
vt 0.736239 0.051614
vt 0.736239 0.087523
vt 0.713118 0.231161
vt 0.713118 0.195252
vt 0.718992 0.195252
vt 0.718992 0.231161
vt 0.718992 0.123433
vt 0.736239 0.123433
vt 0.742113 0.123433
vt 0.742113 0.159342
vt 0.736239 0.159342
vt 0.713118 0.267071
vt 0.718992 0.267071
vt 0.713118 0.123433
vt 0.713118 0.087523
vt 0.713118 0.159342
vt 0.718992 0.159342
vt 0.718992 0.302981
vt 0.736239 0.267071
vt 0.736239 0.302981
vt 0.903075 0.051107
vt 0.903075 0.098617
vt 0.845725 0.074862
vt 0.736239 0.231161
vt 0.736239 0.195252
vt 0.718992 0.015704
vt 0.736239 0.015704
vt 0.742113 0.195252
vt 0.742113 0.231161
vt 0.869480 0.132212
vt 0.821970 0.132212
vt 0.742113 0.015704
vt 0.742113 0.051614
vt 0.742113 0.087523
vt 0.713118 0.051614
vt 0.713118 0.015704
vt 0.742113 0.267071
vt 0.742113 0.302981
vt 0.713118 0.302981
vt 0.762632 0.051614
vt 0.762632 0.015704
vt 0.762632 0.302981
vt 0.762632 0.267071
vt 0.692598 0.302981
vt 0.692598 0.267071
vt 0.692598 0.051614
vt 0.692598 0.015704
vt 0.762632 0.195252
vt 0.762632 0.159342
vt 0.692598 0.231161
vt 0.692598 0.195252
vt 0.762632 0.231161
vt 0.692598 0.159342
vt 0.692598 0.087523
vt 0.762632 0.087523
vt 0.762632 0.123433
vt 0.692598 0.123433
vt 0.821970 0.017512
vt 0.869480 0.017512
vt 0.788375 0.098617
vt 0.788375 0.051107
vt 0.845725 0.074862
vt 0.788375 0.098617
vt 0.788375 0.051107
vt 0.869480 0.017512
vt 0.903075 0.051107
vt 0.903075 0.098617
vt 0.365267 0.990672
vt 0.365267 0.978130
vt 0.503906 0.978130
vt 0.503906 0.990672
vt 0.365267 0.965588
vt 0.503906 0.965588
vt 0.642545 0.965588
vt 0.642545 0.978130
vt 0.642545 0.990672
vt 0.659380 0.944861
vt 0.507078 0.944861
vt 0.507078 0.931067
vt 0.659380 0.931067
vt 0.354776 0.944861
vt 0.354776 0.931067
vt 0.354776 0.917273
vt 0.507078 0.917273
vt 0.659380 0.917273
vt 0.670877 0.917273
vt 0.670877 0.931067
vt 0.665128 0.931067
vt 0.665128 0.917273
vt 0.670877 0.944861
vt 0.665128 0.944861
vt 0.659380 0.955470
vt 0.507078 0.955470
vt 0.507078 0.950165
vt 0.659380 0.950165
vt 0.354776 0.955470
vt 0.354776 0.950165
vt 0.343279 0.944861
vt 0.343279 0.931067
vt 0.349027 0.931067
vt 0.349027 0.944861
vt 0.343279 0.917273
vt 0.349027 0.917273
vt 0.354776 0.906663
vt 0.507078 0.906663
vt 0.507078 0.911968
vt 0.354776 0.911968
vt 0.659380 0.906663
vt 0.659380 0.911968
s 1
usemtl Cadeira
f 2/1/1 1/2/1 3/3/2 4/4/3
f 4/4/3 3/3/2 5/5/4 6/6/5
f 6/6/5 5/5/4 7/7/6 8/8/6
f 10/9/7 11/10/8 12/11/9 9/12/7
f 11/10/8 13/13/10 14/14/11 12/11/9
f 13/13/10 15/15/12 16/16/12 14/14/11
f 2/1/13 4/4/14 11/17/15 10/18/13
f 5/5/16 3/3/17 12/19/18 14/20/19
f 4/4/14 6/6/20 13/21/21 11/17/15
f 7/7/22 5/5/16 14/20/19 16/22/22
f 6/6/20 8/8/23 15/23/23 13/21/21
f 3/3/17 1/2/24 9/24/24 12/19/18
f 21/25/25 17/26/26 22/27/27 29/28/27
f 29/28/27 22/27/27 18/29/28 23/30/29
f 42/31/30 40/32/31 24/33/32 30/34/32
f 37/35/33 35/36/34 20/37/35 25/38/36
f 25/39/36 20/37/35 26/40/37 31/41/37
f 31/41/37 26/40/37 19/42/38 27/43/39
f 38/44/40 36/45/41 28/46/42 32/47/43
f 43/48/44 41/49/45 17/26/26 21/50/25
f 35/36/46 24/33/47 33/51/48 39/52/49
f 40/32/50 18/29/51 22/27/52 44/53/53
f 44/53/53 22/27/52 17/26/54 41/49/55
f 39/52/49 33/51/48 28/46/56 36/45/57
f 21/54/58 29/55/58 34/56/58
f 27/57/58 38/58/58 34/56/58
f 42/59/58 30/60/58 34/56/58
f 25/61/58 31/62/58 34/56/58
f 38/58/58 32/63/58 34/56/58
f 37/64/58 25/61/58 34/56/58
f 29/55/58 23/65/58 34/56/58
f 43/66/58 21/54/58 34/56/58
f 26/40/59 39/52/49 36/45/57 19/42/60
f 20/37/61 35/36/46 39/52/49 26/40/59
f 27/67/39 19/42/38 36/45/41 38/44/40
f 30/34/32 24/33/32 35/36/34 37/35/33
f 33/51/48 44/53/53 41/49/55 28/46/56
f 24/33/47 40/32/50 44/53/53 33/51/48
f 32/47/43 28/46/42 41/49/45 43/48/44
f 23/68/29 18/29/28 40/32/31 42/31/30
f 32/63/58 43/66/58 34/56/58
f 23/65/58 42/59/58 34/56/58
f 31/62/58 27/57/58 34/56/58
f 30/60/58 37/64/58 34/56/58
f 49/69/62 45/70/63 50/71/64 57/72/65
f 57/72/65 50/71/64 46/73/66 51/74/67
f 70/75/68 68/76/69 52/77/70 58/78/70
f 65/79/71 63/80/72 48/81/73 53/82/74
f 53/83/74 48/81/73 54/84/75 59/85/76
f 59/85/76 54/84/75 47/86/77 55/87/78
f 66/88/79 64/89/80 56/90/81 60/91/81
f 71/92/82 69/93/83 45/70/63 49/94/62
f 63/80/84 52/77/85 61/95/86 67/96/87
f 68/76/88 46/73/89 50/71/90 72/97/91
f 72/97/91 50/71/90 45/70/92 69/93/93
f 67/96/87 61/95/86 56/90/94 64/89/95
f 66/98/96 60/99/97 62/100/98
f 65/101/99 53/102/100 62/100/98
f 57/103/101 51/104/102 62/100/98
f 71/105/103 49/106/104 62/100/98
f 58/107/105 65/101/99 62/100/98
f 59/108/106 55/109/107 62/100/98
f 51/104/102 70/110/108 62/100/98
f 60/99/97 71/105/103 62/100/98
f 54/84/109 67/96/87 64/89/95 47/86/110
f 48/81/111 63/80/84 67/96/87 54/84/109
f 55/111/78 47/86/77 64/89/80 66/88/79
f 58/78/70 52/77/70 63/80/72 65/79/71
f 61/95/86 72/97/91 69/93/93 56/90/94
f 52/77/85 68/76/88 72/97/91 61/95/86
f 60/91/81 56/90/81 69/93/83 71/92/82
f 51/112/67 46/73/66 68/76/69 70/75/68
f 53/102/100 59/108/106 62/100/98
f 70/110/108 58/107/105 62/100/98
f 55/109/107 66/98/96 62/100/98
f 49/106/104 57/103/101 62/100/98
f 78/113/112 84/114/112 79/115/113 73/116/113
f 73/117/113 79/118/113 80/119/114 74/120/114
f 76/121/115 82/122/115 83/123/116 77/124/116
f 75/125/117 81/126/117 82/122/115 76/121/115
f 77/124/116 83/123/116 84/114/112 78/113/112
f 84/114/48 90/127/48 85/128/48 79/115/48
f 79/118/48 85/129/48 86/130/48 80/119/48
f 83/123/48 89/131/48 90/127/48 84/114/48
f 81/126/48 87/132/48 88/133/48 82/122/48
f 80/119/48 86/130/48 87/132/48 81/126/48
f 82/122/48 88/133/48 89/131/48 83/123/48
f 87/132/117 93/134/117 94/135/115 88/133/115
f 90/127/112 96/136/112 91/137/113 85/128/113
f 85/129/113 91/138/113 92/139/114 86/130/114
f 89/131/116 95/140/116 96/136/112 90/127/112
f 86/130/114 92/139/114 93/134/117 87/132/117
f 88/133/115 94/135/115 95/140/116 89/131/116
f 93/141/58 97/142/58 94/143/58
f 96/144/58 97/142/58 91/145/58
f 91/145/58 97/142/58 92/146/58
f 95/147/58 97/142/58 96/144/58
f 92/146/58 97/142/58 93/141/58
f 94/143/58 97/142/58 95/147/58
f 74/120/114 80/119/114 81/126/117 75/125/117
f 98/148/118 108/149/119 117/150/120 107/151/121
f 99/152/122 109/153/123 108/149/119 98/148/118
f 100/154/124 110/155/125 109/153/123 99/152/122
f 101/156/126 111/157/127 110/155/125 100/154/124
f 102/158/128 112/159/129 111/157/127 101/156/126
f 103/160/130 113/161/131 112/159/129 102/158/128
f 104/162/132 114/163/133 113/161/131 103/160/130
f 105/164/134 115/165/135 114/166/133 104/167/132
f 106/168/136 116/169/137 115/165/135 105/164/134
f 107/151/121 117/150/120 116/169/137 106/168/136
f 108/149/138 118/170/139 127/171/140 117/150/141
f 109/153/142 119/172/143 118/170/139 108/149/138
f 110/155/144 120/173/145 119/172/143 109/153/142
f 111/157/146 121/174/147 120/173/145 110/155/144
f 112/159/148 122/175/149 121/174/147 111/157/146
f 113/161/150 123/176/151 122/175/149 112/159/148
f 114/163/152 124/177/153 123/176/151 113/161/150
f 115/165/154 125/178/155 124/179/153 114/166/152
f 116/169/156 126/180/157 125/178/155 115/165/154
f 117/150/141 127/171/140 126/180/157 116/169/156
s 0
f 128/181/158 132/182/158 135/183/158 131/184/158
f 129/185/159 133/186/159 132/182/159 128/181/159
f 130/187/160 134/188/160 133/186/160 129/185/160
f 131/184/161 135/183/161 134/189/161 130/190/161
f 132/182/162 136/191/162 139/192/162 135/183/162
f 133/186/163 137/193/163 136/191/163 132/182/163
f 134/188/164 138/194/164 137/193/164 133/186/164
f 135/183/165 139/192/165 138/195/165 134/189/165
s 1
f 141/196/166 146/197/167 147/198/167 140/199/166
f 172/200/168 167/201/169 181/202/169 186/203/168
f 142/204/170 141/196/166 140/199/166 143/205/170
f 176/206/171 179/207/172 183/208/172 143/205/171
f 175/209/173 172/200/168 186/203/168 185/210/173
f 177/211/174 170/212/175 141/196/175 142/204/174
f 178/213/176 177/211/174 142/204/174 182/214/176
f 145/215/58 185/210/177 184/216/177 144/217/58
f 182/214/48 142/204/170 143/205/170 183/208/48
f 160/218/178 161/219/178 188/220/178
f 185/210/177 186/203/179 187/221/179 184/216/177
f 181/202/180 182/214/48 183/208/48 180/222/180
f 146/197/167 145/223/58 144/224/58 147/198/167
f 166/225/181 173/226/182 187/221/182 180/222/181
f 162/227/178 163/228/178 188/220/178
f 179/207/172 166/225/181 180/222/181 183/208/172
f 165/229/183 168/230/184 147/198/184 144/224/183
f 186/203/179 181/202/180 180/222/180 187/221/179
f 168/230/184 171/231/185 140/199/185 147/198/184
f 167/201/169 178/213/176 182/214/176 181/202/169
f 170/212/175 169/232/186 146/197/186 141/196/175
f 169/232/186 164/233/187 145/223/187 146/197/186
f 174/234/188 165/235/183 144/217/183 184/216/188
f 173/226/182 174/234/188 184/216/188 187/221/182
f 164/236/187 175/209/173 185/210/173 145/215/187
f 171/231/185 176/206/171 143/205/171 140/199/185
f 148/237/167 168/230/167 165/229/58 149/238/58
f 149/239/58 165/235/58 174/234/177 155/240/177
f 164/236/58 156/241/58 163/242/177 175/209/177
f 169/232/167 157/243/167 156/244/58 164/233/58
f 153/245/180 166/225/180 179/207/48 152/246/48
f 172/200/179 162/247/179 161/248/180 167/201/180
f 154/249/179 173/226/179 166/225/180 153/245/180
f 167/201/180 161/248/180 160/250/48 178/213/48
f 170/212/166 158/251/166 157/243/167 169/232/167
f 150/252/166 171/231/166 168/230/167 148/237/167
f 151/253/170 176/206/170 171/231/166 150/252/166
f 177/211/170 159/254/170 158/251/166 170/212/166
f 155/240/177 174/234/177 173/226/179 154/249/179
f 175/209/177 163/242/177 162/247/179 172/200/179
f 178/213/48 160/250/48 159/254/170 177/211/170
f 152/246/48 179/207/48 176/206/170 151/253/170
f 158/255/178 159/256/178 188/220/178
f 156/257/178 157/258/178 188/220/178
f 163/228/178 156/257/178 188/220/178
f 161/219/178 162/227/178 188/220/178
f 159/256/178 160/218/178 188/220/178
f 157/258/178 158/255/178 188/220/178
f 151/227/189 150/228/189 189/259/189
f 148/260/189 149/261/189 189/259/189
f 149/261/189 155/255/189 189/259/189
f 154/262/189 153/263/189 189/259/189
f 152/264/189 151/227/189 189/259/189
f 150/228/189 148/260/189 189/259/189
f 155/255/189 154/262/189 189/259/189
f 153/263/189 152/264/189 189/259/189
s 0
f 190/181/190 194/182/190 197/183/190 193/184/190
f 191/185/191 195/186/191 194/182/191 190/181/191
f 192/187/192 196/188/192 195/186/192 191/185/192
f 193/184/193 197/183/193 196/189/193 192/190/193
f 194/182/194 198/191/194 201/192/194 197/183/194
f 195/186/195 199/193/195 198/191/195 194/182/195
f 196/188/196 200/194/196 199/193/196 195/186/196
f 197/183/197 201/192/197 200/195/197 196/189/197
s 1
f 203/196/198 208/197/199 209/198/199 202/199/198
f 234/200/200 229/201/201 243/202/201 248/203/200
f 204/204/202 203/196/198 202/199/198 205/205/202
f 238/206/203 241/207/204 245/208/204 205/205/203
f 237/209/205 234/200/200 248/203/200 247/210/205
f 239/211/206 232/212/207 203/196/207 204/204/206
f 240/213/208 239/211/206 204/204/206 244/214/208
f 207/215/58 247/210/209 246/216/209 206/217/58
f 244/214/48 204/204/202 205/205/202 245/208/48
f 222/218/210 223/219/210 250/220/210
f 247/210/209 248/203/211 249/221/211 246/216/209
f 243/202/212 244/214/48 245/208/48 242/222/212
f 208/197/199 207/223/58 206/224/58 209/198/199
f 228/225/213 235/226/214 249/221/214 242/222/213
f 224/227/210 225/228/210 250/220/210
f 241/207/204 228/225/213 242/222/213 245/208/204
f 227/229/215 230/230/216 209/198/216 206/224/215
f 248/203/211 243/202/212 242/222/212 249/221/211
f 230/230/216 233/231/217 202/199/217 209/198/216
f 229/201/201 240/213/208 244/214/208 243/202/201
f 232/212/207 231/232/218 208/197/218 203/196/207
f 231/232/218 226/233/219 207/223/219 208/197/218
f 236/234/220 227/235/215 206/217/215 246/216/220
f 235/226/214 236/234/220 246/216/220 249/221/214
f 226/236/219 237/209/205 247/210/205 207/215/219
f 233/231/217 238/206/203 205/205/203 202/199/217
f 210/237/199 230/230/199 227/229/58 211/238/58
f 211/239/58 227/235/58 236/234/209 217/240/209
f 226/236/58 218/241/58 225/242/209 237/209/209
f 231/232/199 219/243/199 218/244/58 226/233/58
f 215/245/212 228/225/212 241/207/48 214/246/48
f 234/200/211 224/247/211 223/248/212 229/201/212
f 216/249/211 235/226/211 228/225/212 215/245/212
f 229/201/212 223/248/212 222/250/48 240/213/48
f 232/212/198 220/251/198 219/243/199 231/232/199
f 212/252/198 233/231/198 230/230/199 210/237/199
f 213/253/202 238/206/202 233/231/198 212/252/198
f 239/211/202 221/254/202 220/251/198 232/212/198
f 217/240/209 236/234/209 235/226/211 216/249/211
f 237/209/209 225/242/209 224/247/211 234/200/211
f 240/213/48 222/250/48 221/254/202 239/211/202
f 214/246/48 241/207/48 238/206/202 213/253/202
f 220/255/210 221/256/210 250/220/210
f 218/257/210 219/258/210 250/220/210
f 225/228/210 218/257/210 250/220/210
f 223/219/210 224/227/210 250/220/210
f 221/256/210 222/218/210 250/220/210
f 219/258/210 220/255/210 250/220/210
f 213/227/221 212/228/221 251/259/221
f 210/260/221 211/261/221 251/259/221
f 211/261/221 217/255/221 251/259/221
f 216/262/221 215/263/221 251/259/221
f 214/264/221 213/227/221 251/259/221
f 212/228/221 210/260/221 251/259/221
f 217/255/221 216/262/221 251/259/221
f 215/263/221 214/264/221 251/259/221
s 0
f 252/181/222 256/182/222 259/183/222 255/184/222
f 253/185/223 257/186/223 256/182/223 252/181/223
f 254/187/224 258/188/224 257/186/224 253/185/224
f 255/184/225 259/183/225 258/189/225 254/190/225
f 256/182/226 260/191/226 263/192/226 259/183/226
f 257/186/227 261/193/227 260/191/227 256/182/227
f 258/188/228 262/194/228 261/193/228 257/186/228
f 259/183/229 263/192/229 262/195/229 258/189/229
s 1
f 265/196/230 270/197/231 271/198/231 264/199/230
f 296/200/232 291/201/233 305/202/233 310/203/232
f 266/204/234 265/196/230 264/199/230 267/205/234
f 300/206/235 303/207/236 307/208/236 267/205/235
f 299/209/237 296/200/232 310/203/232 309/210/237
f 301/211/238 294/212/239 265/196/239 266/204/238
f 302/213/240 301/211/238 266/204/238 306/214/240
f 269/215/58 309/210/241 308/216/241 268/217/58
f 306/214/48 266/204/234 267/205/234 307/208/48
f 284/218/242 285/219/242 312/220/242
f 309/210/241 310/203/243 311/221/243 308/216/241
f 305/202/244 306/214/48 307/208/48 304/222/244
f 270/197/231 269/223/58 268/224/58 271/198/231
f 290/225/245 297/226/246 311/221/246 304/222/245
f 286/227/242 287/228/242 312/220/242
f 303/207/236 290/225/245 304/222/245 307/208/236
f 289/229/247 292/230/248 271/198/248 268/224/247
f 310/203/243 305/202/244 304/222/244 311/221/243
f 292/230/248 295/231/249 264/199/249 271/198/248
f 291/201/233 302/213/240 306/214/240 305/202/233
f 294/212/239 293/232/250 270/197/250 265/196/239
f 293/232/250 288/233/251 269/223/251 270/197/250
f 298/234/252 289/235/247 268/217/247 308/216/252
f 297/226/246 298/234/252 308/216/252 311/221/246
f 288/236/251 299/209/237 309/210/237 269/215/251
f 295/231/249 300/206/235 267/205/235 264/199/249
f 272/237/231 292/230/231 289/229/58 273/238/58
f 273/239/58 289/235/58 298/234/241 279/240/241
f 288/236/58 280/241/58 287/242/241 299/209/241
f 293/232/231 281/243/231 280/244/58 288/233/58
f 277/245/244 290/225/244 303/207/48 276/246/48
f 296/200/243 286/247/243 285/248/244 291/201/244
f 278/249/243 297/226/243 290/225/244 277/245/244
f 291/201/244 285/248/244 284/250/48 302/213/48
f 294/212/230 282/251/230 281/243/231 293/232/231
f 274/252/230 295/231/230 292/230/231 272/237/231
f 275/253/234 300/206/234 295/231/230 274/252/230
f 301/211/234 283/254/234 282/251/230 294/212/230
f 279/240/241 298/234/241 297/226/243 278/249/243
f 299/209/241 287/242/241 286/247/243 296/200/243
f 302/213/48 284/250/48 283/254/234 301/211/234
f 276/246/48 303/207/48 300/206/234 275/253/234
f 282/255/242 283/256/242 312/220/242
f 280/257/242 281/258/242 312/220/242
f 287/228/242 280/257/242 312/220/242
f 285/219/242 286/227/242 312/220/242
f 283/256/242 284/218/242 312/220/242
f 281/258/242 282/255/242 312/220/242
f 275/227/253 274/228/253 313/259/253
f 272/260/253 273/261/253 313/259/253
f 273/261/253 279/255/253 313/259/253
f 278/262/253 277/263/253 313/259/253
f 276/264/253 275/227/253 313/259/253
f 274/228/253 272/260/253 313/259/253
f 279/255/253 278/262/253 313/259/253
f 277/263/253 276/264/253 313/259/253
s 0
f 314/181/254 318/182/254 321/183/254 317/184/254
f 315/185/255 319/186/255 318/182/255 314/181/255
f 316/187/256 320/188/256 319/186/256 315/185/256
f 317/184/257 321/183/257 320/189/257 316/190/257
f 318/182/258 322/191/258 325/192/258 321/183/258
f 319/186/259 323/193/259 322/191/259 318/182/259
f 320/188/260 324/194/260 323/193/260 319/186/260
f 321/183/261 325/192/261 324/195/261 320/189/261
s 1
f 327/196/262 332/197/263 333/198/263 326/199/262
f 358/200/264 353/201/265 367/202/265 372/203/264
f 328/204/266 327/196/262 326/199/262 329/205/266
f 362/206/267 365/207/268 369/208/268 329/205/267
f 361/209/269 358/200/264 372/203/264 371/210/269
f 363/211/270 356/212/271 327/196/271 328/204/270
f 364/213/272 363/211/270 328/204/270 368/214/272
f 331/215/58 371/210/273 370/216/273 330/217/58
f 368/214/48 328/204/266 329/205/266 369/208/48
f 346/218/274 347/219/274 374/220/274
f 371/210/273 372/203/275 373/221/275 370/216/273
f 367/202/276 368/214/48 369/208/48 366/222/276
f 332/197/263 331/223/58 330/224/58 333/198/263
f 352/225/277 359/226/278 373/221/278 366/222/277
f 348/227/274 349/228/274 374/220/274
f 365/207/268 352/225/277 366/222/277 369/208/268
f 351/229/279 354/230/280 333/198/280 330/224/279
f 372/203/275 367/202/276 366/222/276 373/221/275
f 354/230/280 357/231/281 326/199/281 333/198/280
f 353/201/265 364/213/272 368/214/272 367/202/265
f 356/212/271 355/232/282 332/197/282 327/196/271
f 355/232/282 350/233/283 331/223/283 332/197/282
f 360/234/284 351/235/279 330/217/279 370/216/284
f 359/226/278 360/234/284 370/216/284 373/221/278
f 350/236/283 361/209/269 371/210/269 331/215/283
f 357/231/281 362/206/267 329/205/267 326/199/281
f 334/237/263 354/230/263 351/229/58 335/238/58
f 335/239/58 351/235/58 360/234/273 341/240/273
f 350/236/58 342/241/58 349/242/273 361/209/273
f 355/232/263 343/243/263 342/244/58 350/233/58
f 339/245/276 352/225/276 365/207/48 338/246/48
f 358/200/275 348/247/275 347/248/276 353/201/276
f 340/249/275 359/226/275 352/225/276 339/245/276
f 353/201/276 347/248/276 346/250/48 364/213/48
f 356/212/262 344/251/262 343/243/263 355/232/263
f 336/252/262 357/231/262 354/230/263 334/237/263
f 337/253/266 362/206/266 357/231/262 336/252/262
f 363/211/266 345/254/266 344/251/262 356/212/262
f 341/240/273 360/234/273 359/226/275 340/249/275
f 361/209/273 349/242/273 348/247/275 358/200/275
f 364/213/48 346/250/48 345/254/266 363/211/266
f 338/246/48 365/207/48 362/206/266 337/253/266
f 344/255/274 345/256/274 374/220/274
f 342/257/274 343/258/274 374/220/274
f 349/228/274 342/257/274 374/220/274
f 347/219/274 348/227/274 374/220/274
f 345/256/274 346/218/274 374/220/274
f 343/258/274 344/255/274 374/220/274
f 337/227/285 336/228/285 375/259/285
f 334/260/285 335/261/285 375/259/285
f 335/261/285 341/255/285 375/259/285
f 340/262/285 339/263/285 375/259/285
f 338/264/285 337/227/285 375/259/285
f 336/228/285 334/260/285 375/259/285
f 341/255/285 340/262/285 375/259/285
f 339/263/285 338/264/285 375/259/285
f 376/265/286 386/266/287 396/267/288 384/268/289
f 386/266/287 378/269/290 385/270/291 396/267/288
f 396/267/288 385/270/291 379/271/292 387/272/293
f 384/268/289 396/267/288 387/272/293 377/273/294
f 380/274/295 388/275/296 397/276/297 390/277/298
f 388/275/296 381/278/299 391/279/300 397/276/297
f 397/276/297 391/279/300 383/280/301 389/281/302
f 390/277/298 397/276/297 389/281/302 382/282/303
f 378/283/290 386/284/287 398/285/304 393/286/305
f 386/284/287 376/287/286 392/288/306 398/285/304
f 398/285/304 392/288/306 380/274/295 390/277/298
f 393/286/305 398/285/304 390/277/298 382/282/303
f 376/289/286 384/290/289 399/291/307 392/292/306
f 384/290/289 377/293/294 394/294/308 399/291/307
f 399/291/307 394/294/308 381/278/299 388/275/296
f 392/292/306 399/291/307 388/275/296 380/274/295
f 377/295/294 387/296/293 400/297/309 394/298/308
f 387/296/293 379/299/292 395/300/310 400/297/309
f 400/297/309 395/300/310 383/280/301 391/279/300
f 394/298/308 400/297/309 391/279/300 381/278/299
f 379/301/292 385/302/291 401/303/311 395/304/310
f 385/302/291 378/305/290 393/306/305 401/303/311
f 401/303/311 393/306/305 382/282/303 389/281/302
f 395/304/310 401/303/311 389/281/302 383/280/301
f 403/1/312 402/2/312 404/3/313 405/4/314
f 405/4/314 404/3/313 406/5/315 407/6/316
f 407/6/316 406/5/315 408/7/317 409/8/317
f 411/9/318 412/10/319 413/11/320 410/12/321
f 412/10/319 414/13/322 415/14/323 413/11/320
f 414/13/322 416/15/324 417/16/325 415/14/323
f 403/1/326 405/4/327 412/17/328 411/18/326
f 406/5/329 404/3/330 413/19/320 415/20/323
f 405/4/327 407/6/331 414/21/332 412/17/328
f 408/7/333 406/5/329 415/20/323 417/22/325
f 407/6/331 409/8/334 416/23/334 414/21/332
f 404/3/330 402/2/335 410/24/321 413/19/320
f 418/265/336 428/266/337 438/267/338 426/268/339
f 428/266/337 420/269/340 427/270/341 438/267/338
f 438/267/338 427/270/341 421/271/342 429/272/343
f 426/268/339 438/267/338 429/272/343 419/273/344
f 422/274/345 430/275/346 439/276/347 432/277/348
f 430/275/346 423/278/349 433/279/350 439/276/347
f 439/276/347 433/279/350 425/280/351 431/281/352
f 432/277/348 439/276/347 431/281/352 424/282/353
f 420/283/340 428/284/337 440/285/354 435/286/355
f 428/284/337 418/287/336 434/288/356 440/285/354
f 440/285/354 434/288/356 422/274/345 432/277/348
f 435/286/355 440/285/354 432/277/348 424/282/353
f 418/289/336 426/290/339 441/291/311 434/292/356
f 426/290/339 419/293/344 436/294/357 441/291/311
f 441/291/311 436/294/357 423/278/349 430/275/346
f 434/292/356 441/291/311 430/275/346 422/274/345
f 419/295/344 429/296/343 442/297/358 436/298/357
f 429/296/343 421/299/342 437/300/359 442/297/358
f 442/297/358 437/300/359 425/280/351 433/279/350
f 436/298/357 442/297/358 433/279/350 423/278/349
f 421/301/342 427/302/341 443/303/307 437/304/359
f 427/302/341 420/305/340 435/306/355 443/303/307
f 443/303/307 435/306/355 424/282/353 431/281/352
f 437/304/359 443/303/307 431/281/352 425/280/351
o Cadeira_Contorno
v 0.194994 0.198886 0.098443
v 0.193651 0.199651 0.137914
v 0.225766 0.345800 0.080179
v 0.224344 0.367405 0.107671
v 0.225862 0.346672 -0.205266
v 0.223833 0.366991 -0.234961
v 0.194627 0.196314 -0.204551
v 0.194462 0.198624 -0.250149
v 0.172606 0.200918 0.098231
v 0.174061 0.208207 0.142930
v 0.203974 0.368590 0.108111
v 0.200873 0.346748 0.079179
v 0.203459 0.367534 -0.235025
v 0.200743 0.347712 -0.204410
v 0.172458 0.200494 -0.249229
v 0.172632 0.198235 -0.204932
v -0.167168 0.249706 0.122053
v -0.167141 0.249632 -0.237419
v 0.164687 0.249686 0.122128
v 0.164667 0.249632 -0.237419
v -0.204932 0.180811 0.163054
v -0.203369 0.246346 -0.057551
v -0.204699 0.180744 -0.278423
v -0.001237 0.259945 -0.302873
v 0.202225 0.180744 -0.278423
v 0.200895 0.246346 -0.057551
v 0.202389 0.180792 0.163137
v -0.001208 0.260411 0.186995
v -0.237686 0.180134 -0.057551
v -0.001237 0.179800 -0.335948
v 0.235212 0.180134 -0.057551
v -0.001189 0.180648 0.247618
v -0.001237 0.261263 -0.057551
v -0.002154 0.176001 -0.052336
v 0.081451 0.254891 -0.284767
v 0.081545 0.255182 0.169081
v 0.099918 0.179974 -0.319756
v 0.094823 0.180462 0.222864
v 0.098253 0.254412 -0.057551
v -0.083925 0.254891 -0.284767
v -0.083975 0.255221 0.169021
v -0.102392 0.179974 -0.319756
v -0.108434 0.180585 0.222868
v -0.100727 0.254412 -0.057551
v -0.166968 0.859583 0.225665
v -0.166769 0.371933 0.225902
v 0.164494 0.859583 0.225665
v 0.164295 0.371933 0.225902
v -0.204751 0.877940 0.294778
v -0.202896 0.538865 0.201207
v -0.204393 0.353953 0.295005
v -0.001237 0.317896 0.215310
v 0.201919 0.353953 0.295005
v 0.200422 0.538865 0.201207
v 0.202277 0.877940 0.294778
v -0.001237 0.913464 0.214743
v -0.237357 0.539013 0.267172
v -0.001237 0.285248 0.295538
v 0.234883 0.539013 0.267172
v -0.001237 0.979039 0.294418
v -0.001237 0.539019 0.186332
v -0.001237 0.543664 0.271589
v 0.081249 0.344893 0.220271
v 0.081292 0.886563 0.219853
v 0.099724 0.292150 0.295162
v 0.122659 0.949926 0.294540
v 0.098181 0.538991 0.193193
v -0.083723 0.344893 0.220271
v -0.083766 0.886563 0.219853
v -0.102198 0.292150 0.295162
v -0.125133 0.949926 0.294540
v -0.100655 0.538991 0.193193
v 0.000524 0.216466 -0.080832
v -0.045157 0.216466 -0.054458
v -0.045157 0.216466 -0.001710
v 0.000524 0.216466 0.024664
v 0.046205 0.216466 -0.001710
v 0.046205 0.216466 -0.054458
v 0.000524 -0.068936 -0.077417
v -0.042200 -0.068936 -0.052750
v -0.042200 -0.068936 -0.003417
v 0.000524 -0.068936 0.021249
v 0.043248 -0.068936 -0.003417
v 0.043248 -0.068936 -0.052750
v 0.000524 -0.070651 -0.104804
v -0.065918 -0.070651 -0.066444
v -0.065918 -0.070651 0.010276
v 0.000524 -0.070651 0.048637
v 0.066966 -0.070651 0.010276
v 0.066966 -0.070651 -0.066444
v 0.000524 -0.138788 -0.104804
v -0.065918 -0.138788 -0.066444
v -0.065918 -0.138788 0.010276
v 0.000524 -0.138788 0.048637
v 0.066966 -0.138788 0.010276
v 0.066966 -0.138788 -0.066444
v 0.000524 -0.141714 -0.028084
v 0.020030 0.387734 0.271726
v 0.003501 0.388389 0.280296
v -0.015684 0.388389 0.280296
v -0.032213 0.387734 0.271726
v -0.039094 0.386728 0.256597
v -0.032662 0.385948 0.241368
v -0.016006 0.385586 0.232361
v 0.003823 0.385586 0.232361
v 0.020479 0.385948 0.241368
v 0.026911 0.386728 0.256597
v 0.020615 0.192142 0.274234
v 0.004043 0.183821 0.282514
v -0.016226 0.183821 0.282514
v -0.032798 0.192142 0.274235
v -0.039520 0.210506 0.256372
v -0.033975 0.232018 0.235444
v -0.017046 0.243257 0.224196
v 0.004863 0.243257 0.224196
v 0.021792 0.232018 0.235444
v 0.027337 0.210506 0.256372
v 0.022454 0.195933 0.170772
v 0.004452 0.185745 0.169863
v -0.016635 0.185745 0.169863
v -0.034637 0.195933 0.170772
v -0.041911 0.213443 0.172203
v -0.034991 0.230844 0.173224
v -0.016964 0.241367 0.173558
v 0.004782 0.241367 0.173558
v 0.022808 0.230844 0.173224
v 0.029728 0.213443 0.172203
v 0.053465 -0.072926 0.002408
v 0.027381 -0.097274 0.015845
v 0.035578 -0.121604 -0.012329
v 0.061662 -0.097274 -0.025765
v 0.209287 -0.173631 0.130782
v 0.175788 -0.187024 0.137843
v 0.174003 -0.202196 0.101713
v 0.209807 -0.187024 0.096551
v 0.212524 -0.218007 0.133449
v 0.174550 -0.217908 0.137075
v 0.170929 -0.217875 0.099181
v 0.208816 -0.217908 0.095483
v 0.215990 -0.251641 0.155696
v 0.211679 -0.251641 0.158029
v 0.205463 -0.220110 0.146543
v 0.209773 -0.220110 0.144210
v 0.194766 -0.296233 0.116479
v 0.190456 -0.296234 0.118811
v 0.205463 -0.283173 0.146543
v 0.209773 -0.283173 0.144210
v 0.238052 -0.287334 0.133638
v 0.221064 -0.302119 0.102247
v 0.245088 -0.251641 0.146641
v 0.238052 -0.215948 0.133638
v 0.221064 -0.201163 0.102247
v 0.204076 -0.215948 0.070856
v 0.197039 -0.251641 0.057853
v 0.204076 -0.287334 0.070856
v 0.164158 -0.302119 0.133043
v 0.181146 -0.287334 0.164434
v 0.188183 -0.251641 0.177437
v 0.181146 -0.215948 0.164434
v 0.164158 -0.201163 0.133043
v 0.147170 -0.215948 0.101652
v 0.140133 -0.251641 0.088649
v 0.147170 -0.287334 0.101652
v 0.188515 -0.302472 0.119862
v 0.196707 -0.302472 0.115428
v 0.179600 -0.215698 0.083818
v 0.171408 -0.215698 0.088251
v 0.213814 -0.287584 0.147039
v 0.205622 -0.287584 0.151473
v 0.212707 -0.251641 0.164566
v 0.220900 -0.251641 0.160133
v 0.164322 -0.251641 0.075157
v 0.172514 -0.251641 0.070724
v 0.179600 -0.287584 0.083818
v 0.171408 -0.287584 0.088251
v 0.213814 -0.215698 0.147039
v 0.205622 -0.215698 0.151473
v 0.188515 -0.200810 0.119862
v 0.196707 -0.200810 0.115428
v 0.179759 -0.220110 0.088748
v 0.175448 -0.220110 0.091080
v 0.190456 -0.207049 0.118811
v 0.194766 -0.207049 0.116479
v 0.179759 -0.283173 0.088748
v 0.175448 -0.283173 0.091080
v 0.169232 -0.251641 0.079594
v 0.173543 -0.251641 0.077261
v 0.161719 -0.251641 0.134363
v 0.223503 -0.251641 0.100927
v -0.052417 -0.072926 -0.058575
v -0.026333 -0.097274 -0.072013
v -0.034530 -0.121604 -0.043839
v -0.060614 -0.097274 -0.030402
v -0.208239 -0.173631 -0.186950
v -0.174740 -0.187024 -0.194011
v -0.172955 -0.202196 -0.157881
v -0.208759 -0.187024 -0.152719
v -0.211476 -0.218007 -0.189617
v -0.173502 -0.217908 -0.193243
v -0.169881 -0.217875 -0.155349
v -0.207768 -0.217908 -0.151651
v -0.212422 -0.251641 -0.213302
v -0.207969 -0.251641 -0.215350
v -0.202511 -0.220110 -0.203484
v -0.206964 -0.220110 -0.201436
v -0.193789 -0.296233 -0.172789
v -0.189336 -0.296234 -0.174837
v -0.202511 -0.283173 -0.203484
v -0.206964 -0.283173 -0.201436
v -0.235869 -0.287334 -0.192723
v -0.220956 -0.302119 -0.160295
v -0.242047 -0.251641 -0.206155
v -0.235869 -0.215948 -0.192723
v -0.220956 -0.201163 -0.160295
v -0.206042 -0.215948 -0.127867
v -0.199864 -0.251641 -0.114435
v -0.206042 -0.287334 -0.127867
v -0.162170 -0.302119 -0.187331
v -0.177084 -0.287334 -0.219759
v -0.183262 -0.251641 -0.233191
v -0.177084 -0.215948 -0.219759
v -0.162170 -0.201163 -0.187331
v -0.147256 -0.215948 -0.154903
v -0.141079 -0.251641 -0.141471
v -0.147256 -0.287334 -0.154903
v -0.187331 -0.302472 -0.175759
v -0.195794 -0.302472 -0.171867
v -0.180776 -0.215698 -0.139212
v -0.172313 -0.215698 -0.143104
v -0.210813 -0.287584 -0.204522
v -0.202350 -0.287584 -0.208414
v -0.208570 -0.251641 -0.221940
v -0.217033 -0.251641 -0.218048
v -0.166092 -0.251641 -0.129578
v -0.174555 -0.251641 -0.125686
v -0.180776 -0.287584 -0.139212
v -0.172313 -0.287584 -0.143104
v -0.210813 -0.215698 -0.204522
v -0.202350 -0.215698 -0.208414
v -0.187331 -0.200810 -0.175759
v -0.195794 -0.200810 -0.171867
v -0.180614 -0.220110 -0.144142
v -0.176161 -0.220110 -0.146190
v -0.189336 -0.207049 -0.174837
v -0.193789 -0.207049 -0.172789
v -0.180614 -0.283173 -0.144142
v -0.176161 -0.283173 -0.146190
v -0.170704 -0.251641 -0.134324
v -0.175157 -0.251641 -0.132276
v -0.159651 -0.251641 -0.188490
v -0.223475 -0.251641 -0.159136
v 0.039745 -0.072926 -0.074926
v 0.048449 -0.097274 -0.046905
v 0.022127 -0.121604 -0.059869
v 0.013424 -0.097274 -0.087890
v 0.193228 -0.173631 -0.206089
v 0.194365 -0.187024 -0.171873
v 0.158474 -0.202196 -0.176388
v 0.159607 -0.187024 -0.212545
v 0.196416 -0.218007 -0.208813
v 0.193393 -0.217908 -0.170786
v 0.155446 -0.217875 -0.173801
v 0.158383 -0.217908 -0.211754
v 0.186041 -0.251641 -0.235762
v 0.190790 -0.251641 -0.234550
v 0.187562 -0.220110 -0.221895
v 0.182813 -0.220110 -0.223106
v 0.175020 -0.296233 -0.192553
v 0.179769 -0.296234 -0.191341
v 0.187562 -0.283173 -0.221895
v 0.182813 -0.283173 -0.223106
v 0.154867 -0.287334 -0.234529
v 0.146046 -0.302119 -0.199943
v 0.158521 -0.251641 -0.248854
v 0.154867 -0.215948 -0.234529
v 0.146046 -0.201163 -0.199943
v 0.137225 -0.215948 -0.165357
v 0.133571 -0.251641 -0.151031
v 0.137225 -0.287334 -0.165357
v 0.208743 -0.302119 -0.183951
v 0.217564 -0.287334 -0.218537
v 0.221218 -0.251641 -0.232863
v 0.217564 -0.215948 -0.218537
v 0.208743 -0.201163 -0.183951
v 0.199922 -0.215948 -0.149365
v 0.196268 -0.251641 -0.135039
v 0.199922 -0.287334 -0.149365
v 0.181908 -0.302472 -0.190796
v 0.172882 -0.302472 -0.193098
v 0.163999 -0.215698 -0.158270
v 0.173025 -0.215698 -0.155968
v 0.181764 -0.287584 -0.227926
v 0.190791 -0.287584 -0.225624
v 0.194470 -0.251641 -0.240050
v 0.185444 -0.251641 -0.242352
v 0.169345 -0.251641 -0.141542
v 0.160319 -0.251641 -0.143844
v 0.163999 -0.287584 -0.158270
v 0.173025 -0.287584 -0.155968
v 0.181764 -0.215698 -0.227926
v 0.190790 -0.215698 -0.225624
v 0.181908 -0.200810 -0.190796
v 0.172882 -0.200810 -0.193098
v 0.167227 -0.220110 -0.161999
v 0.171976 -0.220110 -0.160788
v 0.179769 -0.207049 -0.191341
v 0.175020 -0.207049 -0.192553
v 0.167227 -0.283173 -0.161999
v 0.171976 -0.283173 -0.160788
v 0.168749 -0.251641 -0.148132
v 0.163999 -0.251641 -0.149344
v 0.211430 -0.251641 -0.183266
v 0.143359 -0.251641 -0.200628
v -0.038697 -0.072926 0.018758
v -0.047401 -0.097274 -0.009263
v -0.021079 -0.121604 0.003701
v -0.012376 -0.097274 0.031723
v -0.192180 -0.173631 0.149921
v -0.193317 -0.187024 0.115705
v -0.157426 -0.202196 0.120221
v -0.158559 -0.187024 0.156377
v -0.195368 -0.218007 0.152646
v -0.192345 -0.217908 0.114619
v -0.154398 -0.217875 0.117633
v -0.157335 -0.217908 0.155586
v -0.182106 -0.251641 0.180066
v -0.186924 -0.251641 0.179168
v -0.184532 -0.220110 0.166328
v -0.179714 -0.220110 0.167226
v -0.173937 -0.296234 0.136228
v -0.178756 -0.296234 0.135330
v -0.184532 -0.283173 0.166328
v -0.179714 -0.283173 0.167226
v -0.151080 -0.287334 0.176795
v -0.144542 -0.302119 0.141706
v -0.153789 -0.251641 0.191329
v -0.151080 -0.215948 0.176795
v -0.144542 -0.201163 0.141706
v -0.138003 -0.215948 0.106616
v -0.135295 -0.251641 0.092082
v -0.138003 -0.287334 0.106616
v -0.208151 -0.302119 0.129853
v -0.214690 -0.287334 0.164942
v -0.217398 -0.251641 0.179476
v -0.214690 -0.215948 0.164942
v -0.208151 -0.201163 0.129853
v -0.201613 -0.215948 0.094763
v -0.198904 -0.251641 0.080229
v -0.201613 -0.287334 0.094763
v -0.180925 -0.302472 0.134926
v -0.171768 -0.302472 0.136632
v -0.165184 -0.215698 0.101298
v -0.174341 -0.215698 0.099591
v -0.178352 -0.287584 0.171967
v -0.187510 -0.287584 0.170261
v -0.190237 -0.251641 0.184897
v -0.181079 -0.251641 0.186603
v -0.171614 -0.251641 0.084955
v -0.162456 -0.251641 0.086662
v -0.165184 -0.287584 0.101298
v -0.174341 -0.287584 0.099591
v -0.178352 -0.215698 0.171967
v -0.187510 -0.215698 0.170261
v -0.180925 -0.200810 0.134926
v -0.171768 -0.200810 0.136632
v -0.168161 -0.220110 0.105230
v -0.172980 -0.220110 0.104332
v -0.178756 -0.207049 0.135330
v -0.173937 -0.207049 0.136228
v -0.168161 -0.283173 0.105230
v -0.172980 -0.283173 0.104332
v -0.170587 -0.251641 0.091493
v -0.165769 -0.251641 0.092390
v -0.210878 -0.251641 0.129345
v -0.141816 -0.251641 0.142214
v 0.231653 0.357599 0.106307
v 0.231653 0.357028 -0.233132
v 0.195021 0.357599 0.106307
v 0.195021 0.357028 -0.233132
v 0.231653 0.378365 0.106287
v 0.231653 0.377793 -0.233151
v 0.195021 0.378365 0.106287
v 0.195020 0.377793 -0.233151
v 0.232078 0.357261 -0.063411
v 0.194596 0.357261 -0.063411
v 0.213337 0.356550 0.111022
v 0.213337 0.355963 -0.237847
v 0.232078 0.378131 -0.063434
v 0.194596 0.378131 -0.063434
v 0.213337 0.379429 0.111002
v 0.213337 0.378842 -0.237867
v 0.237486 0.367992 0.113203
v 0.189188 0.367992 0.113203
v 0.237485 0.367400 -0.240048
v 0.189188 0.367400 -0.240048
v 0.213337 0.355671 -0.063410
v 0.213337 0.379721 -0.063435
v 0.213337 0.368009 0.123585
v 0.239852 0.367696 -0.063422
v 0.213337 0.367384 -0.250430
v 0.186822 0.367696 -0.063422
v -0.192115 0.198886 -0.208168
v -0.190773 0.199651 -0.247638
v -0.222888 0.345800 -0.189903
v -0.221466 0.367405 -0.217396
v -0.222983 0.346672 0.095541
v -0.220955 0.366991 0.125237
v -0.191748 0.196314 0.094826
v -0.191583 0.198624 0.140424
v -0.169727 0.200918 -0.207956
v -0.171183 0.208207 -0.252654
v -0.201095 0.368590 -0.217836
v -0.197994 0.346748 -0.188904
v -0.200580 0.367534 0.125300
v -0.197864 0.347712 0.094686
v -0.169580 0.200494 0.139505
v -0.169754 0.198235 0.095207
v -0.228775 0.357599 -0.216031
v -0.228775 0.357028 0.123407
v -0.192142 0.357599 -0.216031
v -0.192142 0.357028 0.123407
v -0.228775 0.378365 -0.216012
v -0.228775 0.377793 0.123427
v -0.192142 0.378365 -0.216012
v -0.192142 0.377793 0.123427
v -0.229199 0.357261 -0.046314
v -0.191718 0.357261 -0.046314
v -0.210458 0.356550 -0.220747
v -0.210458 0.355963 0.128123
v -0.229199 0.378131 -0.046291
v -0.191718 0.378131 -0.046291
v -0.210458 0.379429 -0.220727
v -0.210458 0.378842 0.128142
v -0.234607 0.367992 -0.222927
v -0.186310 0.367992 -0.222927
v -0.234607 0.367400 0.130323
v -0.186310 0.367400 0.130323
v -0.210458 0.355671 -0.046315
v -0.210459 0.379721 -0.046290
v -0.210458 0.368009 -0.233309
v -0.236974 0.367696 -0.046302
v -0.210458 0.367384 0.140705
v -0.183943 0.367696 -0.046302
vn -0.9794 0.1760 -0.0992
vn -0.9949 0.0794 -0.0621
vn -0.9983 0.0366 -0.0456
vn -0.9946 0.0885 0.0542
vn -0.9985 0.0395 0.0389
vn -0.9797 0.1825 0.0834
vn 0.9827 -0.1846 0.0122
vn 0.9872 -0.1595 0.0050
vn 0.9858 -0.1678 0.0074
vn 0.9873 -0.1585 -0.0099
vn 0.9858 -0.1671 -0.0136
vn 0.9830 -0.1826 -0.0205
vn -0.1719 -0.1609 -0.9719
vn -0.1441 -0.7341 -0.6636
vn -0.1362 -0.7852 -0.6041
vn 0.0226 0.7386 -0.6738
vn 0.0199 0.6843 -0.7289
vn 0.0137 0.7316 0.6816
vn 0.0165 0.7738 0.6332
vn -0.0166 -0.7063 0.7077
vn -0.0205 -0.7671 0.6411
vn -0.0100 0.0013 -0.9999
vn 0.0150 -0.0900 0.9958
vn -0.0172 0.1298 0.9914
vn 0.6505 -0.6033 -0.4614
vn 0.8638 -0.5039 0.0003
vn 0.6876 -0.5937 -0.4180
vn 0.6467 -0.5667 0.5105
vn 0.6793 -0.5639 0.4697
vn 0.2840 -0.4867 0.8261
vn -0.0000 -0.4199 0.9076
vn 0.2715 -0.4783 0.8352
vn -0.2840 -0.4867 0.8261
vn -0.6467 -0.5667 0.5105
vn -0.6793 -0.5639 0.4697
vn -0.2715 -0.4783 0.8352
vn -0.8638 -0.5038 0.0002
vn -0.6493 -0.5934 -0.4757
vn -0.6853 -0.5858 -0.4327
vn -0.2997 -0.6001 -0.7416
vn -0.0057 -0.6110 -0.7916
vn -0.0066 -0.6109 -0.7917
vn -0.3066 -0.6003 -0.7387
vn 0.3065 -0.6168 -0.7250
vn 0.2991 -0.6163 -0.7285
vn -0.0677 -0.9977 0.0027
vn -0.0692 -0.9976 0.0006
vn -0.0001 -1.0000 0.0008
vn -0.0000 -1.0000 0.0041
vn 0.0677 -0.9977 0.0027
vn 0.0691 -0.9976 0.0006
vn 0.0721 -0.9974 0.0004
vn 0.0715 -0.9974 0.0001
vn 0.0684 -0.9977 -0.0013
vn 0.0727 -0.9974 0.0008
vn -0.0686 -0.9976 -0.0014
vn -0.0001 -1.0000 -0.0025
vn 0.0132 0.9999 -0.0099
vn 0.0001 1.0000 -0.0007
vn 0.0175 0.9998 -0.0001
vn -0.0131 0.9999 -0.0098
vn -0.0060 0.9999 -0.0141
vn 0.0080 0.9999 0.0118
vn -0.0000 0.9999 0.0134
vn -0.0141 0.9999 0.0083
vn -0.0174 0.9998 -0.0000
vn 0.0005 0.9999 -0.0155
vn -0.0080 0.9999 0.0118
vn 0.0141 0.9999 0.0083
vn 0.0065 0.9999 -0.0141
vn -0.0721 -0.9974 0.0004
vn -0.0726 -0.9974 0.0006
vn -0.0715 -0.9974 0.0001
vn 0.6868 -0.4297 0.5862
vn 0.8700 0.0567 0.4897
vn 0.8701 0.0550 0.4897
vn 0.6789 -0.4391 0.5885
vn 0.6559 0.5314 0.5361
vn 0.6408 0.5483 0.5373
vn 0.2787 0.8135 0.5105
vn -0.0000 0.8672 0.4980
vn 0.2734 0.8158 0.5096
vn -0.2787 0.8135 0.5105
vn -0.6559 0.5314 0.5361
vn -0.6408 0.5483 0.5373
vn -0.2734 0.8158 0.5096
vn -0.8700 0.0567 0.4897
vn -0.8701 0.0550 0.4897
vn -0.6868 -0.4297 0.5862
vn -0.6789 -0.4391 0.5885
vn -0.3270 -0.6962 0.6391
vn -0.0000 -0.7381 0.6747
vn -0.3058 -0.7016 0.6436
vn 0.3270 -0.6962 0.6391
vn 0.3058 -0.7016 0.6436
vn -0.0884 0.1436 0.9857
vn -0.0863 0.0332 0.9957
vn -0.0000 0.0297 0.9996
vn -0.0000 0.1372 0.9905
vn 0.0884 0.1436 0.9857
vn 0.0863 0.0332 0.9957
vn 0.0910 0.0325 0.9953
vn 0.0949 0.1550 0.9833
vn 0.0805 -0.0796 0.9936
vn 0.0861 -0.0828 0.9928
vn -0.0805 -0.0796 0.9936
vn -0.0000 -0.0778 0.9970
vn 0.0257 0.0486 -0.9985
vn -0.0000 -0.0209 -0.9998
vn -0.0000 0.0524 -0.9986
vn 0.0246 -0.0835 -0.9962
vn 0.0158 -0.1058 -0.9943
vn 0.0193 -0.0313 -0.9993
vn -0.0158 -0.1058 -0.9943
vn -0.0257 0.0486 -0.9985
vn -0.0264 0.0531 -0.9982
vn -0.0000 -0.0923 -0.9957
vn -0.0193 -0.0313 -0.9993
vn 0.0264 0.0531 -0.9982
vn -0.0246 -0.0835 -0.9962
vn -0.0910 0.0325 0.9953
vn -0.0861 -0.0828 0.9928
vn -0.0949 0.1550 0.9833
vn -0.8660 0.0120 0.5000
vn -0.0000 0.0120 0.9999
vn 0.8660 0.0120 0.5000
vn -0.0000 0.0120 -0.9999
vn -0.8660 0.0120 -0.5000
vn 0.8660 0.0120 -0.5000
vn -0.0541 -0.9980 0.0312
vn -0.0000 -0.9980 0.0625
vn 0.0541 -0.9980 0.0312
vn -0.0541 -0.9980 -0.0312
vn 0.0541 -0.9980 -0.0312
vn -0.0000 -0.9980 -0.0625
vn 0.8660 -0.0000 -0.5000
vn -0.0000 -0.0000 -1.0000
vn -0.8660 -0.0000 0.5000
vn -0.0000 -0.0000 1.0000
vn 0.8660 -0.0000 0.5000
vn -0.8660 -0.0000 -0.5000
vn 0.0330 0.9993 -0.0190
vn -0.0000 0.9993 -0.0381
vn -0.0000 1.0000 -0.0000
vn -0.0330 0.9993 0.0190
vn -0.0000 0.9993 0.0381
vn 0.0330 0.9993 0.0190
vn -0.0330 0.9993 -0.0190
vn -0.7265 -0.0090 -0.6872
vn -0.9986 -0.0082 -0.0525
vn -0.9758 -0.0067 -0.2186
vn -0.6168 -0.0104 -0.7870
vn -0.2294 -0.0116 -0.9733
vn -0.1958 -0.0116 -0.9806
vn 0.2294 -0.0116 -0.9733
vn 0.1958 -0.0116 -0.9806
vn 0.7265 -0.0090 -0.6872
vn 0.6168 -0.0104 -0.7870
vn 0.9986 -0.0082 -0.0525
vn 0.9758 -0.0067 -0.2186
vn 0.7944 -0.0288 0.6067
vn 0.8615 -0.0227 0.5073
vn 0.2765 -0.0529 0.9596
vn 0.3103 -0.0520 0.9492
vn -0.2765 -0.0529 0.9596
vn -0.3103 -0.0520 0.9492
vn -0.7944 -0.0288 0.6067
vn -0.8615 -0.0227 0.5073
vn -0.6312 0.7756 0.0116
vn -0.9799 0.1990 -0.0132
vn -0.9994 0.0304 -0.0179
vn -0.7445 0.6676 0.0057
vn -0.2027 0.9791 0.0182
vn -0.2393 0.9708 0.0183
vn 0.2027 0.9791 0.0182
vn 0.2393 0.9708 0.0183
vn 0.6312 0.7756 0.0116
vn 0.7445 0.6676 0.0057
vn 0.9799 0.1990 -0.0132
vn 0.9994 0.0304 -0.0179
vn 0.8583 -0.5129 -0.0122
vn 0.7945 -0.6073 -0.0048
vn 0.3142 -0.9490 0.0277
vn 0.2799 -0.9596 0.0290
vn -0.3142 -0.9490 0.0277
vn -0.2799 -0.9596 0.0290
vn -0.8584 -0.5129 -0.0122
vn -0.7945 -0.6073 -0.0048
vn -0.6752 -0.6691 0.3104
vn 0.1754 -0.6691 -0.7221
vn 0.6706 0.6600 -0.3386
vn -0.2040 0.6600 0.7230
vn -0.9984 -0.0287 0.0494
vn -0.1426 -0.0287 -0.9894
vn 0.9946 -0.0882 -0.0546
vn 0.1368 -0.0882 0.9867
vn -0.4759 -0.0000 -0.8795
vn -0.3365 0.7071 -0.6219
vn -0.6704 -0.0000 0.7420
vn -0.7169 -0.2358 0.6561
vn -0.3365 -0.7071 -0.6219
vn 0.7169 -0.2358 -0.6561
vn 0.8291 -0.3335 -0.4487
vn -0.7169 0.2358 0.6561
vn -0.9414 -0.2358 0.2413
vn -0.9879 -0.0000 0.1554
vn -0.8291 -0.3335 0.4487
vn 0.3365 0.7071 0.6219
vn -0.0000 -1.0000 -0.0000
vn 0.8782 -0.0549 -0.4752
vn 0.8795 -0.0000 -0.4759
vn 0.8966 -0.0388 -0.4411
vn 0.4759 -0.0000 0.8795
vn 0.3365 -0.7071 0.6219
vn 0.9414 -0.2358 -0.2413
vn 0.9879 -0.0000 -0.1554
vn 0.9043 -0.0000 -0.4270
vn 0.8966 0.0388 -0.4411
vn 0.8291 0.3335 -0.4487
vn 0.7169 0.2358 -0.6561
vn 0.6704 -0.0000 -0.7420
vn -0.9414 0.2358 0.2413
vn -0.8291 0.3335 0.4487
vn 0.9414 0.2358 -0.2413
vn -0.3477 0.7070 -0.6158
vn -0.0112 0.9999 0.0061
vn 0.3253 0.7070 0.6279
vn 0.0112 0.9999 -0.0061
vn 0.3477 0.7070 0.6158
vn -0.3253 0.7070 -0.6279
vn 0.3253 -0.7070 0.6279
vn -0.0112 -0.9999 0.0061
vn 0.4871 -0.0000 0.8733
vn 0.3477 -0.7070 0.6158
vn 0.4647 -0.0000 0.8855
vn 0.0112 -0.9999 -0.0061
vn -0.4647 -0.0000 -0.8855
vn -0.4871 -0.0000 -0.8733
vn -0.3477 -0.7070 -0.6158
vn -0.3253 -0.7070 -0.6279
vn 0.8520 -0.0000 -0.5235
vn 0.8597 -0.0388 -0.5093
vn 0.8782 0.0549 -0.4752
vn 0.8597 0.0388 -0.5093
vn -0.8966 -0.0388 0.4411
vn -0.8795 -0.0000 0.4759
vn -0.9043 -0.0000 0.4270
vn -0.8966 0.0388 0.4411
vn -0.8782 0.0549 0.4752
vn -0.8597 0.0388 0.5093
vn -0.8520 -0.0000 0.5235
vn -0.8597 -0.0388 0.5093
vn -0.8781 -0.0549 0.4752
vn 0.6752 -0.6691 -0.3104
vn -0.1754 -0.6691 0.7221
vn -0.6706 0.6600 0.3386
vn 0.2040 0.6600 -0.7230
vn 0.9984 -0.0287 -0.0494
vn 0.1426 -0.0287 0.9894
vn -0.9946 -0.0882 0.0546
vn -0.1368 -0.0882 -0.9867
vn 0.4178 -0.0000 0.9085
vn 0.2955 0.7071 0.6424
vn 0.7172 -0.0000 -0.6969
vn 0.7580 -0.2358 -0.6082
vn 0.2955 -0.7071 0.6424
vn -0.7580 -0.2358 0.6082
vn -0.8565 -0.3335 0.3939
vn 0.7580 0.2358 -0.6082
vn 0.9550 -0.2358 -0.1797
vn 0.9959 -0.0000 -0.0909
vn 0.8565 -0.3335 -0.3939
vn -0.2955 0.7071 -0.6424
vn -0.9072 -0.0549 0.4172
vn -0.9085 -0.0000 0.4178
vn -0.9234 -0.0388 0.3820
vn -0.4178 -0.0000 -0.9085
vn -0.2955 -0.7071 -0.6424
vn -0.9550 -0.2358 0.1797
vn -0.9959 -0.0000 0.0909
vn -0.9301 -0.0000 0.3674
vn -0.9234 0.0388 0.3820
vn -0.8565 0.3335 0.3939
vn -0.7580 0.2358 0.6082
vn -0.7172 -0.0000 0.6969
vn 0.9550 0.2358 -0.1797
vn 0.8565 0.3335 -0.3939
vn -0.9550 0.2358 0.1797
vn 0.3070 0.7071 0.6370
vn 0.0116 0.9999 -0.0053
vn 0.3070 0.7070 0.6370
vn -0.2839 0.7070 -0.6477
vn -0.0116 0.9999 0.0053
vn -0.3070 0.7070 -0.6370
vn 0.2839 0.7070 0.6477
vn -0.2839 -0.7070 -0.6477
vn 0.0116 -0.9999 -0.0053
vn -0.4294 -0.0000 -0.9031
vn -0.3070 -0.7070 -0.6370
vn -0.4062 -0.0000 -0.9138
vn -0.0116 -0.9999 0.0053
vn 0.4062 -0.0000 0.9138
vn 0.4294 -0.0000 0.9031
vn 0.3070 -0.7070 0.6370
vn 0.2839 -0.7070 0.6477
vn -0.8842 -0.0000 0.4670
vn -0.8909 -0.0388 0.4524
vn -0.9072 0.0549 0.4172
vn -0.8909 0.0388 0.4524
vn 0.9234 -0.0388 -0.3820
vn 0.9085 -0.0000 -0.4178
vn 0.9301 -0.0000 -0.3674
vn 0.9234 0.0388 -0.3820
vn 0.9072 0.0549 -0.4172
vn 0.8909 0.0388 -0.4524
vn 0.8842 -0.0000 -0.4670
vn 0.8909 -0.0388 -0.4524
vn 0.9072 -0.0549 -0.4172
vn 0.1884 -0.6691 0.7189
vn -0.6807 -0.6691 -0.2981
vn -0.2170 0.6600 -0.7192
vn 0.6766 0.6600 0.3265
vn -0.1247 -0.0287 0.9918
vn -0.9991 -0.0287 -0.0314
vn 0.1190 -0.0882 -0.9890
vn 0.9954 -0.0882 0.0366
vn -0.2471 -0.0000 0.9690
vn -0.1748 0.7071 0.6852
vn 0.9959 -0.0000 -0.0902
vn 0.9718 -0.2358 0.0045
vn -0.1748 -0.7071 0.6852
vn -0.9718 -0.2358 -0.0045
vn -0.9135 -0.3335 -0.2330
vn 0.9718 0.2358 0.0045
vn 0.8552 -0.2358 0.4615
vn 0.8311 -0.0000 0.5561
vn 0.9135 -0.3335 0.2330
vn 0.1748 0.7071 -0.6852
vn -0.9675 -0.0549 -0.2468
vn -0.9690 -0.0000 -0.2471
vn -0.9579 -0.0388 -0.2844
vn 0.2471 -0.0000 -0.9690
vn 0.1748 -0.7071 -0.6852
vn -0.8552 -0.2358 -0.4615
vn -0.8311 -0.0000 -0.5561
vn -0.9540 -0.0000 -0.2999
vn -0.9579 0.0388 -0.2844
vn -0.9135 0.3335 -0.2330
vn -0.9718 0.2358 -0.0045
vn -0.9959 -0.0000 0.0902
vn 0.8552 0.2358 0.4615
vn 0.9135 0.3335 0.2330
vn -0.8552 0.2358 -0.4615
vn -0.1624 0.7070 0.6883
vn 0.0124 0.9999 0.0031
vn 0.0123 0.9999 0.0032
vn 0.1871 0.7070 -0.6820
vn -0.0124 0.9999 -0.0031
vn 0.1624 0.7070 -0.6883
vn -0.0124 0.9999 -0.0032
vn -0.1871 0.7070 0.6820
vn 0.1871 -0.7070 -0.6820
vn 0.0124 -0.9999 0.0032
vn 0.2348 -0.0000 -0.9721
vn 0.1624 -0.7070 -0.6883
vn 0.2595 -0.0000 -0.9657
vn -0.0124 -0.9999 -0.0031
vn -0.0124 -0.9999 -0.0032
vn -0.2595 -0.0000 0.9657
vn -0.2348 -0.0000 0.9721
vn -0.1624 -0.7070 0.6883
vn -0.1871 -0.7070 0.6820
vn -0.9811 -0.0000 -0.1936
vn -0.9771 -0.0388 -0.2092
vn -0.9675 0.0549 -0.2468
vn -0.9771 0.0388 -0.2092
vn 0.9579 -0.0388 0.2844
vn 0.9690 -0.0000 0.2471
vn 0.9540 -0.0000 0.2999
vn 0.9579 0.0388 0.2844
vn 0.9675 0.0549 0.2468
vn 0.9771 0.0388 0.2092
vn 0.9811 -0.0000 0.1936
vn 0.9771 -0.0388 0.2092
vn 0.9675 -0.0549 0.2468
vn -0.1884 -0.6691 -0.7189
vn 0.6807 -0.6691 0.2981
vn 0.2170 0.6600 0.7192
vn -0.6766 0.6600 -0.3265
vn 0.1247 -0.0287 -0.9918
vn 0.9991 -0.0287 0.0314
vn -0.1190 -0.0882 0.9890
vn -0.9954 -0.0882 -0.0366
vn 0.1832 -0.0000 -0.9831
vn 0.1295 0.7071 -0.6951
vn -0.9879 -0.0000 0.1552
vn -0.9700 -0.2358 0.0591
vn 0.1295 -0.7071 -0.6951
vn 0.9700 -0.2358 -0.0591
vn 0.9268 -0.3335 0.1727
vn -0.9700 0.2358 0.0591
vn -0.8836 -0.2358 -0.4045
vn -0.8657 -0.0000 -0.5006
vn -0.9268 -0.3335 -0.1727
vn -0.1295 0.7071 0.6951
vn 0.9816 -0.0549 0.1829
vn 0.9831 -0.0000 0.1832
vn 0.9745 -0.0388 0.2210
vn -0.1832 -0.0000 0.9831
vn -0.1295 -0.7071 0.6951
vn 0.8836 -0.2358 0.4045
vn 0.8657 -0.0000 0.5005
vn 0.9715 -0.0000 0.2368
vn 0.9745 0.0388 0.2210
vn 0.9268 0.3335 0.1727
vn 0.9700 0.2358 -0.0591
vn 0.9879 -0.0000 -0.1551
vn -0.8836 0.2358 -0.4045
vn -0.9268 0.3335 -0.1727
vn 0.8836 0.2358 0.4045
vn 0.1170 0.7070 -0.6974
vn -0.0125 0.9999 -0.0023
vn -0.1421 0.7070 0.6928
vn 0.0125 0.9999 0.0023
vn -0.1170 0.7070 0.6974
vn 0.1421 0.7070 -0.6928
vn 0.1421 0.7070 -0.6927
vn -0.1421 -0.7070 0.6928
vn -0.0125 -0.9999 -0.0023
vn -0.1421 -0.7070 0.6927
vn -0.1706 -0.0000 0.9853
vn -0.1170 -0.7070 0.6974
vn -0.1957 -0.0000 0.9807
vn 0.0125 -0.9999 0.0023
vn 0.1957 -0.0000 -0.9807
vn 0.1706 -0.0000 -0.9853
vn 0.1170 -0.7070 -0.6974
vn 0.1421 -0.7070 -0.6928
vn 0.1421 -0.7070 -0.6927
vn 0.9916 -0.0000 0.1290
vn 0.9887 -0.0388 0.1448
vn 0.9816 0.0549 0.1829
vn 0.9887 0.0388 0.1448
vn -0.9745 -0.0388 -0.2210
vn -0.9831 -0.0000 -0.1832
vn -0.9715 -0.0000 -0.2368
vn -0.9745 0.0388 -0.2210
vn -0.9816 0.0549 -0.1829
vn -0.9887 0.0388 -0.1448
vn -0.9916 -0.0000 -0.1290
vn -0.9887 -0.0388 -0.1448
vn -0.9816 -0.0549 -0.1829
vn -0.4700 0.8428 -0.2624
vn -0.5067 0.8621 -0.0014
vn -0.0000 1.0000 -0.0017
vn -0.0000 0.9029 -0.4298
vn 0.5067 0.8621 -0.0014
vn 0.4700 0.8428 -0.2624
vn -0.0000 0.9041 0.4272
vn 0.4700 0.8435 0.2599
vn -0.4700 0.8435 0.2599
vn -0.4700 -0.8435 -0.2599
vn -0.0000 -0.9041 -0.4272
vn -0.0000 -1.0000 0.0017
vn -0.5067 -0.8621 0.0014
vn -0.0000 -0.9029 0.4298
vn -0.4700 -0.8428 0.2624
vn 0.5067 -0.8621 0.0014
vn 0.4700 -0.8428 0.2624
vn 0.4700 -0.8435 -0.2599
vn 0.7931 -0.0008 -0.6091
vn -0.0000 -0.0013 -1.0000
vn -0.7931 -0.0008 -0.6091
vn -1.0000 -0.0000 -0.0000
vn -0.7931 0.0008 0.6091
vn -0.0000 0.0012 1.0000
vn 0.7931 0.0008 0.6091
vn 1.0000 -0.0000 -0.0000
vn 0.9794 0.1760 0.0992
vn 0.9949 0.0794 0.0621
vn 0.9983 0.0366 0.0456
vn 0.9946 0.0885 -0.0542
vn 0.9985 0.0395 -0.0389
vn 0.9797 0.1825 -0.0834
vn -0.9827 -0.1846 -0.0122
vn -0.7073 -0.0439 -0.7055
vn -0.9117 0.2207 -0.3465
vn -0.9858 -0.1678 -0.0074
vn -0.9232 0.1687 0.3452
vn -0.9858 -0.1671 0.0136
vn -0.6967 -0.1298 0.7056
vn -0.9830 -0.1826 0.0205
vn 0.1719 -0.1609 0.9719
vn 0.1441 -0.7341 0.6636
vn 0.1362 -0.7852 0.6041
vn -0.0226 0.7386 0.6738
vn -0.0165 0.7738 -0.6332
vn 0.0166 -0.7063 -0.7077
vn 0.0205 -0.7671 -0.6411
vn 0.0100 0.0013 0.9999
vn -0.0150 -0.0900 -0.9958
vn 0.0172 0.1298 -0.9914
vn 0.4700 0.8428 0.2624
vn 0.5067 0.8621 0.0014
vn -0.0000 1.0000 0.0017
vn -0.0000 0.9029 0.4298
vn -0.5067 0.8621 0.0014
vn -0.4700 0.8428 0.2624
vn -0.0000 0.9041 -0.4272
vn -0.4700 0.8435 -0.2599
vn 0.4700 0.8435 -0.2599
vn 0.4700 -0.8435 0.2599
vn -0.0000 -0.9041 0.4272
vn -0.0000 -1.0000 -0.0017
vn 0.5067 -0.8621 -0.0014
vn -0.0000 -0.9029 -0.4298
vn 0.4700 -0.8428 -0.2624
vn -0.5067 -0.8621 -0.0014
vn -0.4700 -0.8428 -0.2624
vn -0.4700 -0.8435 0.2599
vn -0.7931 -0.0008 0.6091
vn -0.0000 -0.0013 1.0000
vn 0.7931 -0.0008 0.6091
vn 0.7931 0.0008 -0.6091
vn -0.0000 0.0012 -1.0000
vn -0.7931 0.0008 -0.6091
vt 0.010605 0.968632
vt 0.093343 0.968632
vt 0.093343 0.954243
vt 0.010605 0.954243
vt 0.255259 0.968632
vt 0.255259 0.954243
vt 0.338812 0.968632
vt 0.338812 0.954243
vt 0.340728 0.994496
vt 0.340728 0.980579
vt 0.257179 0.980579
vt 0.257179 0.994496
vt 0.093677 0.980579
vt 0.093677 0.994496
vt 0.009305 0.980579
vt 0.009305 0.994496
vt 0.010605 0.974417
vt 0.093343 0.974417
vt 0.255259 0.948542
vt 0.093343 0.948542
vt 0.255259 0.974417
vt 0.338812 0.948542
vt 0.338812 0.974417
vt 0.010605 0.948542
vt 0.043556 0.555553
vt 0.029132 0.693461
vt 0.069983 0.692293
vt 0.087041 0.581344
vt 0.051434 0.830256
vt 0.093351 0.802024
vt 0.129187 0.867231
vt 0.194306 0.876414
vt 0.193197 0.829024
vt 0.145581 0.824138
vt 0.258928 0.864198
vt 0.321442 0.838384
vt 0.291689 0.797385
vt 0.240538 0.821913
vt 0.334911 0.823645
vt 0.350806 0.685857
vt 0.309900 0.686623
vt 0.329827 0.548581
vt 0.287549 0.576447
vt 0.246610 0.501621
vt 0.183729 0.490282
vt 0.186314 0.545767
vt 0.234791 0.553104
vt 0.116765 0.506694
vt 0.056752 0.541164
vt 0.137908 0.554942
vt 0.250555 0.687767
vt 0.189878 0.689026
vt 0.129285 0.690609
vt 0.398740 0.737845
vt 0.505384 0.620762
vt 0.379944 0.619374
vt 0.615750 0.735302
vt 0.558850 0.767491
vt 0.449957 0.478266
vt 0.504107 0.468903
vt 0.612968 0.497951
vt 0.631763 0.616422
vt 0.507769 0.781340
vt 0.558462 0.476994
vt 0.395958 0.500494
vt 0.450345 0.768762
vt 0.316098 0.533879
vt 0.065544 0.844361
vt 0.326818 0.395925
vt 0.339274 0.183364
vt 0.298485 0.185571
vt 0.283953 0.381508
vt 0.324933 0.063569
vt 0.282103 0.081614
vt 0.244108 0.015857
vt 0.178936 0.010954
vt 0.179428 0.058590
vt 0.229514 0.067486
vt 0.113879 0.017203
vt 0.045577 0.049067
vt 0.077252 0.083733
vt 0.129537 0.068520
vt 0.034058 0.066577
vt 0.022198 0.186643
vt 0.063023 0.188006
vt 0.039047 0.398901
vt 0.081604 0.383600
vt 0.105383 0.451588
vt 0.183645 0.466308
vt 0.183048 0.408640
vt 0.132879 0.397585
vt 0.261585 0.449973
vt 0.316461 0.413716
vt 0.232979 0.396550
vt 0.121475 0.186803
vt 0.180749 0.186309
vt 0.240021 0.185577
vt 0.432685 0.027088
vt 0.506828 0.274988
vt 0.507401 0.009754
vt 0.445508 0.427192
vt 0.384477 0.390669
vt 0.648440 0.277865
vt 0.628678 0.391196
vt 0.582041 0.027411
vt 0.629329 0.070071
vt 0.506490 0.431460
vt 0.365205 0.277254
vt 0.385213 0.069544
vt 0.567490 0.427455
vt 0.049769 0.416474
vt 0.313054 0.046301
vt 0.856593 0.625847
vt 0.892118 0.625847
vt 0.892118 0.458942
vt 0.856593 0.458942
vt 0.678971 0.625847
vt 0.714496 0.625847
vt 0.714496 0.458942
vt 0.678971 0.458942
vt 0.785545 0.625847
vt 0.821069 0.625847
vt 0.821069 0.458942
vt 0.785545 0.458942
vt 0.750020 0.625847
vt 0.750020 0.458942
vt 0.892118 0.444334
vt 0.856593 0.444334
vt 0.714496 0.444334
vt 0.678971 0.444334
vt 0.821069 0.444334
vt 0.785545 0.444334
vt 0.750020 0.444334
vt 0.785545 0.410581
vt 0.750020 0.410581
vt 0.892118 0.410581
vt 0.856593 0.410581
vt 0.714496 0.410581
vt 0.678971 0.410581
vt 0.821069 0.410581
vt 0.908341 0.460696
vt 0.946674 0.482827
vt 0.946674 0.438564
vt 0.985008 0.416432
vt 0.946674 0.394301
vt 0.908341 0.416432
vt 0.985008 0.460696
vt 0.853535 0.980321
vt 0.882077 0.980321
vt 0.882077 0.753267
vt 0.853535 0.753267
vt 0.825637 0.980321
vt 0.825637 0.753267
vt 0.796073 0.980321
vt 0.796073 0.753267
vt 0.768175 0.980321
vt 0.768175 0.753267
vt 0.739633 0.980321
vt 0.739633 0.753267
vt 0.708630 0.980321
vt 0.708630 0.753267
vt 0.679740 0.980321
vt 0.679740 0.753267
vt 0.941970 0.980321
vt 0.971534 0.980321
vt 0.971534 0.753267
vt 0.941970 0.753267
vt 0.913080 0.980321
vt 0.913080 0.753267
vt 0.882077 0.646120
vt 0.853535 0.646120
vt 0.825637 0.646120
vt 0.796073 0.646120
vt 0.768175 0.646120
vt 0.739633 0.646120
vt 0.708630 0.646120
vt 0.679740 0.646120
vt 0.971534 0.646120
vt 0.941970 0.646120
vt 0.913080 0.646120
vt 0.839178 0.376841
vt 0.869068 0.376841
vt 0.869068 0.175384
vt 0.839178 0.175384
vt 0.809288 0.376841
vt 0.809288 0.175384
vt 0.779397 0.376841
vt 0.779397 0.175384
vt 0.898958 0.376841
vt 0.898958 0.175384
vt 0.869068 0.146471
vt 0.839178 0.146471
vt 0.809288 0.146471
vt 0.779397 0.146471
vt 0.898958 0.146471
vt 0.718992 0.087523
vt 0.736239 0.087523
vt 0.736239 0.051614
vt 0.718992 0.051614
vt 0.713118 0.231161
vt 0.718992 0.231161
vt 0.718992 0.195252
vt 0.713118 0.195252
vt 0.718992 0.123433
vt 0.736239 0.123433
vt 0.742113 0.123433
vt 0.736239 0.159342
vt 0.742113 0.159342
vt 0.713118 0.267071
vt 0.718992 0.267071
vt 0.713118 0.123433
vt 0.713118 0.087523
vt 0.713118 0.159342
vt 0.718992 0.159342
vt 0.718992 0.302981
vt 0.736239 0.302981
vt 0.736239 0.267071
vt 0.903075 0.051107
vt 0.845725 0.074862
vt 0.903075 0.098617
vt 0.736239 0.231161
vt 0.736239 0.195252
vt 0.736239 0.015704
vt 0.718992 0.015704
vt 0.742113 0.195252
vt 0.742113 0.231161
vt 0.869480 0.132212
vt 0.821970 0.132212
vt 0.742113 0.015704
vt 0.742113 0.051614
vt 0.742113 0.087523
vt 0.713118 0.051614
vt 0.713118 0.015704
vt 0.742113 0.267071
vt 0.742113 0.302981
vt 0.713118 0.302981
vt 0.762632 0.051614
vt 0.762632 0.015704
vt 0.762632 0.302981
vt 0.762632 0.267071
vt 0.692598 0.267071
vt 0.692598 0.302981
vt 0.692598 0.015704
vt 0.692598 0.051614
vt 0.762632 0.195252
vt 0.762632 0.159342
vt 0.692598 0.195252
vt 0.692598 0.231161
vt 0.762632 0.231161
vt 0.692598 0.159342
vt 0.692598 0.087523
vt 0.762632 0.087523
vt 0.762632 0.123433
vt 0.692598 0.123433
vt 0.821970 0.017512
vt 0.869480 0.017512
vt 0.788375 0.098617
vt 0.788375 0.051107
vt 0.845725 0.074862
vt 0.788375 0.098617
vt 0.788375 0.051107
vt 0.869480 0.017512
vt 0.903075 0.051107
vt 0.903075 0.098617
vt 0.365267 0.990672
vt 0.503906 0.990672
vt 0.503906 0.978130
vt 0.365267 0.978130
vt 0.503906 0.965588
vt 0.365267 0.965588
vt 0.642545 0.978130
vt 0.642545 0.965588
vt 0.642545 0.990672
vt 0.659380 0.944861
vt 0.659380 0.931067
vt 0.507078 0.931067
vt 0.507078 0.944861
vt 0.354776 0.931067
vt 0.354776 0.944861
vt 0.507078 0.917273
vt 0.354776 0.917273
vt 0.659380 0.917273
vt 0.670877 0.917273
vt 0.665128 0.917273
vt 0.665128 0.931067
vt 0.670877 0.931067
vt 0.665128 0.944861
vt 0.670877 0.944861
vt 0.659380 0.955470
vt 0.659380 0.950165
vt 0.507078 0.950165
vt 0.507078 0.955470
vt 0.354776 0.950165
vt 0.354776 0.955470
vt 0.343279 0.944861
vt 0.349027 0.944861
vt 0.349027 0.931067
vt 0.343279 0.931067
vt 0.349027 0.917273
vt 0.343279 0.917273
vt 0.354776 0.906663
vt 0.354776 0.911968
vt 0.507078 0.911968
vt 0.507078 0.906663
vt 0.659380 0.911968
vt 0.659380 0.906663
s 1
usemtl Contorno
f 445/307/360 447/308/361 446/309/362 444/310/360
f 447/308/361 449/311/363 448/312/364 446/309/362
f 449/311/363 451/313/365 450/314/365 448/312/364
f 453/315/366 452/316/366 455/317/367 454/318/368
f 454/318/368 455/317/367 457/319/369 456/320/370
f 456/320/370 457/319/369 459/321/371 458/322/371
f 445/307/372 453/323/372 454/324/373 447/308/374
f 448/312/375 457/325/376 455/326/377 446/309/378
f 447/308/374 454/324/373 456/327/379 449/311/380
f 450/314/381 459/328/381 457/325/376 448/312/375
f 449/311/380 456/327/379 458/329/382 451/313/382
f 446/309/378 455/326/377 452/330/383 444/310/383
f 464/331/384 472/332/385 465/333/385 460/334/386
f 472/332/385 466/335/387 461/336/388 465/333/385
f 485/337/389 473/338/390 467/339/390 483/340/391
f 480/341/392 468/342/393 463/343/394 478/344/395
f 468/345/393 474/346/396 469/347/396 463/343/394
f 474/346/396 470/348/397 462/349/398 469/347/396
f 481/350/399 475/351/400 471/352/401 479/353/402
f 486/354/403 464/355/384 460/334/386 484/356/404
f 478/344/405 482/357/406 476/358/407 467/339/408
f 483/340/409 487/359/410 465/333/411 461/336/412
f 487/359/410 484/356/413 460/334/414 465/333/411
f 482/357/406 479/353/415 471/352/416 476/358/407
f 464/360/417 477/361/418 472/362/419
f 470/363/420 477/361/418 481/364/421
f 485/365/422 477/361/418 473/366/423
f 468/367/424 477/361/418 474/368/425
f 481/364/421 477/361/418 475/369/426
f 480/370/427 477/361/418 468/367/424
f 472/362/419 477/361/418 466/371/428
f 486/372/429 477/361/418 464/360/417
f 469/347/430 462/349/431 479/353/415 482/357/406
f 463/343/432 469/347/430 482/357/406 478/344/405
f 470/373/397 481/350/399 479/353/402 462/349/398
f 473/338/390 480/341/392 478/344/395 467/339/390
f 476/358/407 471/352/416 484/356/413 487/359/410
f 467/339/408 476/358/407 487/359/410 483/340/409
f 475/351/400 486/354/403 484/356/404 471/352/401
f 466/374/387 485/337/389 483/340/391 461/336/388
f 475/369/426 477/361/418 486/372/429
f 466/371/428 477/361/418 485/365/422
f 474/368/425 477/361/418 470/363/420
f 473/366/423 477/361/418 480/370/427
f 492/375/433 500/376/434 493/377/435 488/378/436
f 500/376/434 494/379/437 489/380/438 493/377/435
f 513/381/439 501/382/440 495/383/440 511/384/441
f 508/385/442 496/386/443 491/387/444 506/388/445
f 496/389/443 502/390/446 497/391/447 491/387/444
f 502/390/446 498/392/448 490/393/449 497/391/447
f 509/394/450 503/395/451 499/396/451 507/397/452
f 514/398/453 492/399/433 488/378/436 512/400/454
f 506/388/455 510/401/456 504/402/457 495/383/458
f 511/384/459 515/403/460 493/377/461 489/380/462
f 515/403/460 512/400/463 488/378/464 493/377/461
f 510/401/456 507/397/465 499/396/466 504/402/457
f 509/404/467 505/405/468 503/406/469
f 508/407/470 505/405/468 496/408/471
f 500/409/472 505/405/468 494/410/473
f 514/411/474 505/405/468 492/412/475
f 501/413/476 505/405/468 508/407/470
f 502/414/477 505/405/468 498/415/478
f 494/410/473 505/405/468 513/416/479
f 503/406/469 505/405/468 514/411/474
f 497/391/480 490/393/481 507/397/465 510/401/456
f 491/387/482 497/391/480 510/401/456 506/388/455
f 498/417/448 509/394/450 507/397/452 490/393/449
f 501/382/440 508/385/442 506/388/445 495/383/440
f 504/402/457 499/396/466 512/400/463 515/403/460
f 495/383/458 504/402/457 515/403/460 511/384/459
f 503/395/451 514/398/453 512/400/454 499/396/451
f 494/418/437 513/381/439 511/384/441 489/380/438
f 496/408/471 505/405/468 502/414/477
f 513/416/479 505/405/468 501/413/476
f 498/415/478 505/405/468 509/404/467
f 492/412/475 505/405/468 500/409/472
f 521/419/483 516/420/484 522/421/484 527/422/483
f 516/423/484 517/424/485 523/425/485 522/426/484
f 519/427/486 520/428/487 526/429/487 525/430/486
f 518/431/488 519/427/486 525/430/486 524/432/488
f 520/428/487 521/419/483 527/422/483 526/429/487
f 527/422/489 522/421/490 528/433/490 533/434/489
f 522/426/490 523/425/491 529/435/491 528/436/490
f 526/429/492 527/422/489 533/434/489 532/437/492
f 524/432/493 525/430/494 531/438/494 530/439/493
f 523/425/491 524/432/493 530/439/493 529/435/491
f 525/430/494 526/429/492 532/437/492 531/438/494
f 530/439/495 531/438/496 537/440/496 536/441/495
f 533/434/497 528/433/498 534/442/498 539/443/497
f 528/436/498 529/435/499 535/444/499 534/445/498
f 532/437/500 533/434/497 539/443/497 538/446/500
f 529/435/499 530/439/495 536/441/495 535/444/499
f 531/438/496 532/437/500 538/446/500 537/440/496
f 536/447/501 537/448/502 540/449/503
f 539/450/504 534/451/505 540/449/503
f 534/451/505 535/452/506 540/449/503
f 538/453/507 539/450/504 540/449/503
f 535/452/506 536/447/501 540/449/503
f 537/448/502 538/453/507 540/449/503
f 517/424/485 518/431/488 524/432/488 523/425/485
f 541/454/508 550/455/509 560/456/510 551/457/511
f 542/458/512 541/454/508 551/457/511 552/459/513
f 543/460/514 542/458/512 552/459/513 553/461/515
f 544/462/516 543/460/514 553/461/515 554/463/517
f 545/464/518 544/462/516 554/463/517 555/465/519
f 546/466/520 545/464/518 555/465/519 556/467/521
f 547/468/522 546/466/520 556/467/521 557/469/523
f 548/470/524 547/471/522 557/472/523 558/473/525
f 549/474/526 548/470/524 558/473/525 559/475/527
f 550/455/509 549/474/526 559/475/527 560/456/510
f 551/457/528 560/456/529 570/476/530 561/477/531
f 552/459/532 551/457/528 561/477/531 562/478/533
f 553/461/534 552/459/532 562/478/533 563/479/535
f 554/463/536 553/461/534 563/479/535 564/480/537
f 555/465/538 554/463/536 564/480/537 565/481/539
f 556/467/540 555/465/538 565/481/539 566/482/541
f 557/469/542 556/467/540 566/482/541 567/483/543
f 558/473/544 557/472/542 567/484/543 568/485/545
f 559/475/546 558/473/544 568/485/545 569/486/547
f 560/456/529 559/475/546 569/486/547 570/476/530
s 0
f 571/487/548 574/488/548 578/489/548 575/490/548
f 572/491/549 571/487/549 575/490/549 576/492/549
f 573/493/550 572/491/550 576/492/550 577/494/550
f 574/488/551 573/495/551 577/496/551 578/489/551
f 575/490/552 578/489/552 582/497/552 579/498/552
f 576/492/553 575/490/553 579/498/553 580/499/553
f 577/494/554 576/492/554 580/499/554 581/500/554
f 578/489/555 577/496/555 581/501/555 582/497/555
s 1
f 584/502/556 583/503/556 590/504/557 589/505/557
f 615/506/558 629/507/558 624/508/559 610/509/559
f 585/510/560 586/511/560 583/503/556 584/502/556
f 619/512/561 586/511/561 626/513/562 622/514/562
f 618/515/563 628/516/563 629/507/558 615/506/558
f 620/517/564 585/510/564 584/502/565 613/518/565
f 621/519/566 625/520/566 585/510/564 620/517/564
f 588/521/503 587/522/503 627/523/567 628/516/567
f 625/520/568 626/513/568 586/511/560 585/510/560
f 603/524/569 631/525/570 604/526/571
f 628/516/567 627/523/567 630/527/572 629/507/572
f 624/508/573 623/528/573 626/513/568 625/520/568
f 589/505/557 590/504/557 587/529/503 588/530/503
f 609/531/574 623/528/574 630/527/575 616/532/575
f 605/533/576 631/525/570 606/534/577
f 622/514/562 626/513/562 623/528/574 609/531/574
f 608/535/578 587/529/578 590/504/579 611/536/579
f 629/507/572 630/527/572 623/528/573 624/508/573
f 611/536/579 590/504/579 583/503/580 614/537/580
f 610/509/559 624/508/559 625/520/566 621/519/566
f 613/518/565 584/502/565 589/505/581 612/538/581
f 612/538/581 589/505/581 588/530/582 607/539/582
f 617/540/583 627/523/583 587/522/578 608/541/578
f 616/532/575 630/527/575 627/523/583 617/540/583
f 607/542/582 588/521/582 628/516/563 618/515/563
f 614/537/580 583/503/580 586/511/561 619/512/561
f 591/543/584 592/544/585 608/535/585 611/536/584
f 592/545/585 598/546/586 617/540/586 608/541/585
f 607/542/587 618/515/588 606/547/588 599/548/587
f 612/538/589 607/539/587 599/549/587 600/550/589
f 596/551/590 595/552/591 622/514/591 609/531/590
f 615/506/592 610/509/593 604/553/593 605/554/592
f 597/555/594 596/551/590 609/531/590 616/532/594
f 610/509/593 621/519/595 603/556/595 604/553/593
f 613/518/596 612/538/589 600/550/589 601/557/596
f 593/558/597 591/543/584 611/536/584 614/537/597
f 594/559/598 593/558/597 614/537/597 619/512/598
f 620/517/599 613/518/596 601/557/596 602/560/599
f 598/546/586 597/555/594 616/532/594 617/540/586
f 618/515/588 615/506/592 605/554/592 606/547/588
f 621/519/595 620/517/599 602/560/599 603/556/595
f 595/552/591 594/559/598 619/512/598 622/514/591
f 601/561/600 631/525/570 602/562/601
f 599/563/602 631/525/570 600/564/603
f 606/534/577 631/525/570 599/563/602
f 604/526/571 631/525/570 605/533/576
f 602/562/601 631/525/570 603/524/569
f 600/564/603 631/525/570 601/561/600
f 594/533/604 632/565/605 593/534/606
f 591/566/607 632/565/605 592/567/608
f 592/567/608 632/565/605 598/561/609
f 597/568/610 632/565/605 596/569/611
f 595/570/612 632/565/605 594/533/604
f 593/534/606 632/565/605 591/566/607
f 598/561/609 632/565/605 597/568/610
f 596/569/611 632/565/605 595/570/612
s 0
f 633/487/613 636/488/613 640/489/613 637/490/613
f 634/491/614 633/487/614 637/490/614 638/492/614
f 635/493/615 634/491/615 638/492/615 639/494/615
f 636/488/616 635/495/616 639/496/616 640/489/616
f 637/490/617 640/489/617 644/497/617 641/498/617
f 638/492/618 637/490/618 641/498/618 642/499/618
f 639/494/619 638/492/619 642/499/619 643/500/619
f 640/489/620 639/496/620 643/501/620 644/497/620
s 1
f 646/502/621 645/503/621 652/504/622 651/505/622
f 677/506/623 691/507/623 686/508/624 672/509/624
f 647/510/625 648/511/625 645/503/621 646/502/621
f 681/512/626 648/511/626 688/513/627 684/514/627
f 680/515/628 690/516/628 691/507/623 677/506/623
f 682/517/629 647/510/629 646/502/630 675/518/630
f 683/519/631 687/520/631 647/510/629 682/517/629
f 650/521/503 649/522/503 689/523/632 690/516/632
f 687/520/568 688/513/568 648/511/625 647/510/625
f 665/524/633 693/525/634 666/526/635
f 690/516/632 689/523/632 692/527/636 691/507/636
f 686/508/637 685/528/637 688/513/568 687/520/568
f 651/505/622 652/504/622 649/529/503 650/530/503
f 671/531/638 685/528/638 692/527/639 678/532/639
f 667/533/640 693/525/634 668/534/641
f 684/514/627 688/513/627 685/528/638 671/531/638
f 670/535/642 649/529/642 652/504/643 673/536/643
f 691/507/636 692/527/636 685/528/637 686/508/637
f 673/536/643 652/504/643 645/503/644 676/537/644
f 672/509/624 686/508/624 687/520/631 683/519/631
f 675/518/630 646/502/630 651/505/645 674/538/645
f 674/538/645 651/505/645 650/530/646 669/539/646
f 679/540/647 689/523/647 649/522/642 670/541/642
f 678/532/639 692/527/639 689/523/647 679/540/647
f 669/542/646 650/521/646 690/516/628 680/515/628
f 676/537/644 645/503/644 648/511/626 681/512/626
f 653/543/648 654/544/649 670/535/649 673/536/650
f 654/545/649 660/546/651 679/540/651 670/541/649
f 669/542/652 680/515/653 668/547/653 661/548/652
f 674/538/654 669/539/652 661/549/652 662/550/654
f 658/551/655 657/552/656 684/514/656 671/531/655
f 677/506/657 672/509/658 666/553/658 667/554/657
f 659/555/659 658/551/655 671/531/655 678/532/659
f 672/509/658 683/519/660 665/556/660 666/553/658
f 675/518/661 674/538/654 662/550/654 663/557/661
f 655/558/662 653/543/648 673/536/650 676/537/662
f 656/559/663 655/558/662 676/537/662 681/512/663
f 682/517/664 675/518/661 663/557/661 664/560/664
f 660/546/651 659/555/659 678/532/659 679/540/651
f 680/515/653 677/506/657 667/554/657 668/547/653
f 683/519/660 682/517/664 664/560/664 665/556/660
f 657/552/656 656/559/663 681/512/663 684/514/656
f 663/561/665 693/525/634 664/562/666
f 661/563/667 693/525/634 662/564/668
f 668/534/641 693/525/634 661/563/667
f 666/526/635 693/525/634 667/533/640
f 664/562/666 693/525/634 665/524/633
f 662/564/668 693/525/634 663/561/665
f 656/533/669 694/565/670 655/534/671
f 653/566/672 694/565/670 654/567/673
f 654/567/673 694/565/670 660/561/674
f 659/568/675 694/565/670 658/569/676
f 657/570/677 694/565/670 656/533/669
f 655/534/671 694/565/670 653/566/672
f 660/561/674 694/565/670 659/568/675
f 658/569/676 694/565/670 657/570/677
s 0
f 695/487/678 698/488/678 702/489/678 699/490/678
f 696/491/679 695/487/679 699/490/679 700/492/679
f 697/493/680 696/491/680 700/492/680 701/494/680
f 698/488/681 697/495/681 701/496/681 702/489/681
f 699/490/682 702/489/682 706/497/682 703/498/682
f 700/492/683 699/490/683 703/498/683 704/499/683
f 701/494/684 700/492/684 704/499/684 705/500/684
f 702/489/685 701/496/685 705/501/685 706/497/685
s 1
f 708/502/686 707/503/686 714/504/687 713/505/687
f 739/506/688 753/507/688 748/508/689 734/509/689
f 709/510/690 710/511/690 707/503/686 708/502/686
f 743/512/691 710/511/691 750/513/692 746/514/692
f 742/515/693 752/516/693 753/507/688 739/506/688
f 744/517/694 709/510/694 708/502/695 737/518/695
f 745/519/696 749/520/696 709/510/694 744/517/694
f 712/521/503 711/522/503 751/523/697 752/516/697
f 749/520/568 750/513/568 710/511/690 709/510/690
f 727/524/698 755/525/699 728/526/700
f 752/516/697 751/523/697 754/527/701 753/507/701
f 748/508/702 747/528/702 750/513/568 749/520/568
f 713/505/687 714/504/687 711/529/503 712/530/503
f 733/531/703 747/528/703 754/527/704 740/532/704
f 729/533/705 755/525/699 730/534/706
f 746/514/692 750/513/692 747/528/703 733/531/703
f 732/535/707 711/529/707 714/504/708 735/536/708
f 753/507/701 754/527/701 747/528/702 748/508/702
f 735/536/708 714/504/708 707/503/709 738/537/709
f 734/509/689 748/508/689 749/520/696 745/519/696
f 737/518/695 708/502/695 713/505/710 736/538/710
f 736/538/710 713/505/710 712/530/711 731/539/711
f 741/540/712 751/523/712 711/522/707 732/541/707
f 740/532/704 754/527/704 751/523/712 741/540/712
f 731/542/711 712/521/711 752/516/693 742/515/693
f 738/537/709 707/503/709 710/511/691 743/512/691
f 715/543/713 716/544/714 732/535/715 735/536/713
f 716/545/714 722/546/716 741/540/716 732/541/715
f 731/542/717 742/515/718 730/547/718 723/548/719
f 736/538/720 731/539/717 723/549/719 724/550/720
f 720/551/721 719/552/722 746/514/722 733/531/721
f 739/506/723 734/509/724 728/553/724 729/554/723
f 721/555/725 720/551/721 733/531/721 740/532/725
f 734/509/724 745/519/726 727/556/727 728/553/724
f 737/518/728 736/538/720 724/550/720 725/557/728
f 717/558/729 715/543/713 735/536/713 738/537/729
f 718/559/730 717/558/729 738/537/729 743/512/730
f 744/517/731 737/518/728 725/557/728 726/560/731
f 722/546/716 721/555/725 740/532/725 741/540/716
f 742/515/718 739/506/723 729/554/723 730/547/718
f 745/519/726 744/517/731 726/560/731 727/556/727
f 719/552/722 718/559/730 743/512/730 746/514/722
f 725/561/732 755/525/699 726/562/733
f 723/563/734 755/525/699 724/564/735
f 730/534/706 755/525/699 723/563/734
f 728/526/700 755/525/699 729/533/705
f 726/562/733 755/525/699 727/524/698
f 724/564/735 755/525/699 725/561/732
f 718/533/736 756/565/737 717/534/738
f 715/566/739 756/565/737 716/567/740
f 716/567/740 756/565/737 722/561/741
f 721/568/742 756/565/737 720/569/743
f 719/570/744 756/565/737 718/533/736
f 717/534/738 756/565/737 715/566/739
f 722/561/741 756/565/737 721/568/742
f 720/569/743 756/565/737 719/570/744
s 0
f 757/487/745 760/488/745 764/489/745 761/490/745
f 758/491/746 757/487/746 761/490/746 762/492/746
f 759/493/747 758/491/747 762/492/747 763/494/747
f 760/488/748 759/495/748 763/496/748 764/489/748
f 761/490/749 764/489/749 768/497/749 765/498/749
f 762/492/750 761/490/750 765/498/750 766/499/750
f 763/494/751 762/492/751 766/499/751 767/500/751
f 764/489/752 763/496/752 767/501/752 768/497/752
s 1
f 770/502/753 769/503/753 776/504/754 775/505/754
f 801/506/755 815/507/755 810/508/756 796/509/756
f 771/510/757 772/511/757 769/503/753 770/502/753
f 805/512/758 772/511/758 812/513/759 808/514/759
f 804/515/760 814/516/760 815/507/755 801/506/755
f 806/517/761 771/510/761 770/502/762 799/518/762
f 807/519/763 811/520/763 771/510/761 806/517/761
f 774/521/503 773/522/503 813/523/764 814/516/764
f 811/520/568 812/513/568 772/511/757 771/510/757
f 789/524/765 817/525/766 790/526/767
f 814/516/764 813/523/764 816/527/768 815/507/768
f 810/508/769 809/528/769 812/513/568 811/520/568
f 775/505/754 776/504/754 773/529/503 774/530/503
f 795/531/770 809/528/770 816/527/771 802/532/771
f 791/533/772 817/525/766 792/534/773
f 808/514/759 812/513/759 809/528/770 795/531/770
f 794/535/774 773/529/774 776/504/775 797/536/775
f 815/507/768 816/527/768 809/528/769 810/508/769
f 797/536/775 776/504/775 769/503/776 800/537/776
f 796/509/756 810/508/756 811/520/763 807/519/763
f 799/518/762 770/502/762 775/505/777 798/538/777
f 798/538/777 775/505/777 774/530/778 793/539/778
f 803/540/779 813/523/779 773/522/774 794/541/774
f 802/532/771 816/527/771 813/523/779 803/540/779
f 793/542/778 774/521/778 814/516/760 804/515/760
f 800/537/776 769/503/776 772/511/758 805/512/758
f 777/543/780 778/544/781 794/535/781 797/536/780
f 778/545/781 784/546/782 803/540/782 794/541/781
f 793/542/783 804/515/784 792/547/784 785/548/783
f 798/538/785 793/539/783 785/549/783 786/550/786
f 782/551/787 781/552/788 808/514/788 795/531/789
f 801/506/790 796/509/791 790/553/791 791/554/790
f 783/555/792 782/551/787 795/531/789 802/532/792
f 796/509/791 807/519/793 789/556/793 790/553/791
f 799/518/794 798/538/785 786/550/786 787/557/794
f 779/558/795 777/543/780 797/536/780 800/537/795
f 780/559/796 779/558/795 800/537/795 805/512/796
f 806/517/797 799/518/794 787/557/794 788/560/798
f 784/546/782 783/555/792 802/532/792 803/540/782
f 804/515/784 801/506/790 791/554/790 792/547/784
f 807/519/793 806/517/797 788/560/798 789/556/793
f 781/552/788 780/559/796 805/512/796 808/514/788
f 787/561/799 817/525/766 788/562/800
f 785/563/801 817/525/766 786/564/802
f 792/534/773 817/525/766 785/563/801
f 790/526/767 817/525/766 791/533/772
f 788/562/800 817/525/766 789/524/765
f 786/564/802 817/525/766 787/561/799
f 780/533/803 818/565/804 779/534/805
f 777/566/806 818/565/804 778/567/807
f 778/567/807 818/565/804 784/561/808
f 783/568/809 818/565/804 782/569/810
f 781/570/811 818/565/804 780/533/803
f 779/534/805 818/565/804 777/566/806
f 784/561/808 818/565/804 783/568/809
f 782/569/810 818/565/804 781/570/811
f 819/571/812 827/572/813 839/573/814 829/574/815
f 829/574/815 839/573/814 828/575/816 821/576/817
f 839/573/814 830/577/818 822/578/819 828/575/816
f 827/572/813 820/579/820 830/577/818 839/573/814
f 823/580/821 833/581/822 840/582/823 831/583/824
f 831/583/824 840/582/823 834/584/825 824/585/826
f 840/582/823 832/586/827 826/587/828 834/584/825
f 833/581/822 825/588/829 832/586/827 840/582/823
f 821/589/817 836/590/830 841/591/831 829/592/815
f 829/592/815 841/591/831 835/593/832 819/594/812
f 841/591/831 833/581/822 823/580/821 835/593/832
f 836/590/830 825/588/829 833/581/822 841/591/831
f 819/595/812 835/596/832 842/597/833 827/598/813
f 827/598/813 842/597/833 837/599/834 820/600/820
f 842/597/833 831/583/824 824/585/826 837/599/834
f 835/596/832 823/580/821 831/583/824 842/597/833
f 820/601/820 837/602/834 843/603/835 830/604/818
f 830/604/818 843/603/835 838/605/836 822/606/819
f 843/603/835 834/584/825 826/587/828 838/605/836
f 837/602/834 824/585/826 834/584/825 843/603/835
f 822/607/819 838/608/836 844/609/837 828/610/816
f 828/610/816 844/609/837 836/611/830 821/612/817
f 844/609/837 832/586/827 825/588/829 836/611/830
f 838/608/836 826/587/828 832/586/827 844/609/837
f 846/307/838 848/308/839 847/309/840 845/310/838
f 848/308/839 850/311/841 849/312/842 847/309/840
f 850/311/841 852/313/843 851/314/843 849/312/842
f 854/315/844 853/316/845 856/317/846 855/318/847
f 855/318/847 856/317/846 858/319/848 857/320/849
f 857/320/849 858/319/848 860/321/850 859/322/851
f 846/307/852 854/323/852 855/324/853 848/308/854
f 849/312/855 858/325/848 856/326/846 847/309/856
f 848/308/854 855/324/853 857/327/857 850/311/858
f 851/314/859 860/328/850 858/325/848 849/312/855
f 850/311/858 857/327/857 859/329/860 852/313/860
f 847/309/856 856/326/846 853/330/845 845/310/861
f 861/571/862 869/572/863 881/573/864 871/574/865
f 871/574/865 881/573/864 870/575/866 863/576/867
f 881/573/864 872/577/868 864/578/869 870/575/866
f 869/572/863 862/579/870 872/577/868 881/573/864
f 865/580/871 875/581/872 882/582/873 873/583/874
f 873/583/874 882/582/873 876/584/875 866/585/876
f 882/582/873 874/586/877 868/587/878 876/584/875
f 875/581/872 867/588/879 874/586/877 882/582/873
f 863/589/867 878/590/880 883/591/881 871/592/865
f 871/592/865 883/591/881 877/593/882 861/594/862
f 883/591/881 875/581/872 865/580/871 877/593/882
f 878/590/880 867/588/879 875/581/872 883/591/881
f 861/595/862 877/596/882 884/597/837 869/598/863
f 869/598/863 884/597/837 879/599/883 862/600/870
f 884/597/837 873/583/874 866/585/876 879/599/883
f 877/596/882 865/580/871 873/583/874 884/597/837
f 862/601/870 879/602/883 885/603/884 872/604/868
f 872/604/868 885/603/884 880/605/885 864/606/869
f 885/603/884 876/584/875 868/587/878 880/605/885
f 879/602/883 866/585/876 876/584/875 885/603/884
f 864/607/869 880/608/885 886/609/833 870/610/866
f 870/610/866 886/609/833 878/611/880 863/612/867
f 886/609/833 874/586/877 867/588/879 878/611/880
f 880/608/885 868/587/878 874/586/877 886/609/833
